Unnamed: 0,Unnamed: 1,Unnamed: 2,Unnamed: 3,Unnamed: 4,Unnamed: 5,Unnamed: 6,Unnamed: 7,Unnamed: 8,Unnamed: 9,Unnamed: 10,Unnamed: 11,Unnamed: 12
,,FECHA DEL PEDIDO:,,,VENDEDOR:,ING. JESUS EDUARDO TOVAR,,NUEVO INGRESO / DE INTERÉS,,,,
,,,,,TELÉFONO:,0412-423.5961,,,,,,
,,,,,,,,,,,,
,,,TOTAL PEDIDO Bs.:,TOTAL  UNIDADES PEDIDAS:,TASA (Bs/$) HOY: 13/5/2022,TOTAL PEDIDO REFERECIAL EN $.:,,,,,,
,,,0,0,4.718,0,,,,,,
CODIGO CLIENTE:,,0,,,,,,,,,,
NOMBRE DEL CLIENTE:,,,PRECIOS DEL:,2022-05-13 00:00:00,,,,,,,,
,,,,,,,,,,,,
ARTI.,CANTIDAD,DESCRIPCION PRODUCTO,PRECIO UNITARIO EN Bs,PRECIO EQUIVALENTE EN $,UNIDAD DE VENTA,MARCA,CATEGORÍA,"UNIDAD DE 
EMPAQUE",CODIGO DE BARRA,FECHA DE VENCIMIENTO,SUB TOTAL PRODUCTOS EN $,SUB TOTAL PRODUCTOS EN Bs
M-1577,,AB CALCIUM B12 X 240 ML SUSPENSION ORAL,7.9828125000000005,1.691990779991522,FRASCO X 240 ML,AIRELA,NACIONAL / IMPORTADO,,7894164005901,,0,0
M-1578,,AB CALCIUM D3 X 240 ML SUSPENSION ORAL SABOR FRESA,8.419531249999999,1.7845551610852053,FRASCO X 240 ML,AIRELA,NACIONAL / IMPORTADO,,7894164008087,,0,0
D-0052,,ACEITE DE ALMENDRAS EXTRAFINO 30 ML,8.24,1.7465027554048327,FRASCO X 30 ML,FARMAGENIK,NACIONAL / IMPORTADO,,0112244301147,,0,0
D-0123,,ACEITE DE COCO EXTRAFINO 30 ML,6.68,1.4158541754980924,FRASCO X 30 ML,FARMAGENIK,NACIONAL / IMPORTADO,,0112244301154,,0,0
D-0053,,ACEITE DE RICINO EXTRAFINO 30 ML,17.35,3.67740568037304,FRASCO X 30 ML,FARMAGENIK,NACIONAL / IMPORTADO,,0112244301130,,0,0
D-0124,,ACEITE MINERAL EXTRAFINO 30 ML,10.04,2.128020347604917,FRASCO X 30 ML,FARMAGENIK,NACIONAL / IMPORTADO,,0112244301123,,0,0
L-0035,,ACETAMINOFEN (PARACETAMOL)  500 MG TABLETAS,1.9912698412698413,0.42205804181217493,BLISTER X 10 TAB,LAND,NACIONAL / IMPORTADO,,7598008000083,,0,0
M-0125,,"ACETAMINOFEN + TRAMADOL 325/37,5MG X 10 TAB",16.8,3.560830860534125,CAJA X 10 TAB,CALOX ,PSICOTROPICO / ESTUPEFACIENTE,1,7591519008494,,0,0
M-0325,,ACETAMINOFEN 10% SOLUCION ORAL GOTAS,5.643650793650793,1.1961955900065266,FRASCO ,LABORATORIO QUIM-FAR,NACIONAL / IMPORTADO,,7592236001997,,0,0
M-1539,,ACETAMINOFEN 325 MG + IBUPROFENO 200 MG + CAFEINA 40 MG X 10 TAB,6.242063492063492,1.3230316854733981,BLISTER X 10 TAB,JMW,NACIONAL / IMPORTADO,,18906047594443,,0,0
M-1540,,ACETAMINOFEN 500 MG + TIOCOLCHICOSIDO 4 MG X 10 TAB,22.71904761904762,4.815397969276732,BLISTER X 10 TAB,JMW,NACIONAL / IMPORTADO,,18906047594450,,0,0
M-1509,,ACETAMINOFEN 500 MG X 10 TAB,2.0325396825396824,0.4308053587409246,BLISTER X 10 TAB,JMW,NACIONAL / IMPORTADO,,18906047595013,,0,0
M-1330,,ACETAMINOFEN 500 MG X 20 TAB,5.65,1.1975413310724885,CAJA X 20 TAB,LABORATORIO QUIM-FAR,NACIONAL / IMPORTADO,,7592236001973,,0,0
M-0592,,ACETAMINOFEN 500 MGX 20 TAB (ÉLTER),6.92,1.466723187791437,CAJA X 20 TAB,LA SANTÉ,NACIONAL / IMPORTADO,,7592454000031,,0,0
M-0903,,ACETAMINOFEN 650 MG X 10 COMPRIMIDOS,7.279999999999999,1.5430267062314538,CAJA X 10 COMP,SPEFAR,NACIONAL / IMPORTADO,,7590027001669,,0,0
M-0486,,ACETAMINOFEN 650MG X 10 TAB PLUSANDEX,3.858730158730159,0.8178741328381006,CAJA X 10 TAB,PLUSANDEX,NACIONAL / IMPORTADO,,7594001101604,,0,0
M-0223,,"ACETATO DE CIPROTERONA 2 MG + ETINILESTRADIOL 0,035 MG X 21 COMP (EQ. DIANE 35)",6.9875,1.48103009749894,CAJA X 21 COMP,MABRA,NACIONAL / IMPORTADO,,7898505093107,,0,0
M-1143,,ACEVAL (ACETAMINOFEN) 650 MG X 10 TAB,6.79453125,1.4401295570156847,CAJA X 10 TAB,VALMORCA,NACIONAL / IMPORTADO,,7591020000611,,0,0
L-0018,,ACICLOVIR 200 MG TABLETAS,4.962698412698413,1.0518648606821561,BLISTER X 10 TAB,LAND,NACIONAL / IMPORTADO,,7598008000090,,0,0
M-0938,,ACICLOVIR 200 MG x 24 TABLETAS (ÉLTER),16.951587301587303,3.5929604284839556,CAJA X 24 TAB,LA SANTÉ,NACIONAL / IMPORTADO,,7592454102001,,0,0
M-0414,,ACICLOVIR 200 MG X 25 TAB (07/2022),17.56,3.7219160661297157,CAJA X 25 TAB,CALOX ,NACIONAL / IMPORTADO,,7591519005639,,0,0
M-0915,,ACICLOVIR X 20 GR CREMA,22.547200000000004,4.778974141585419,TUBO X 20 GR,POLINAC,NACIONAL / IMPORTADO,,7592348201117,,0,0
L-0069,,ACIDO ACETILSALICILICO X 100 TAB,28.073809523809523,5.95036234078201,FRASCO X 100 TAB,LAND,NACIONAL / IMPORTADO,,7598008000762,,0,0
M-1275,,ACIDO FOLICO (FOLAC) 5 MG X 20 TAB,6.9,1.4624841034336584,CAJA X 20 TAB,RONAVA,NACIONAL / IMPORTADO,,7592806133158,,0,0
M-0574,,ACIDO FOLICO 10 MG  X 30 TAB,6.92,1.466723187791437,CAJA X 30 TAB,PLUSANDEX,NACIONAL / IMPORTADO,,7594001101345,,0,0
M-0845,,ACIDO FOLICO 10 MG X 20 TAB,4.55,0.9643916913946587,CAJA X 20 TAB,PLUSANDEX,NACIONAL / IMPORTADO,,7594001101338,,0,0
M-1394,,ACIDO TRANEXAMICO 500 MG/ 5 ML AMP IV,7.500793650793651,1.5898248518002651,AMPOLLA,JMW,NACIONAL / IMPORTADO,,8906089281298,,0,0
M-1395,,ACIDO VALPROICO 250/5 ML X 120 ML,23.349218750000002,4.94896539847393,FRASCO X 120 ML,JMW,NACIONAL / IMPORTADO,,8906089281397,,0,0
L-0056,,ACIDO VALPROICO 500 MG TABLETAS,6.7234375,1.425060936837643,BLISTER X 10 TAB,LAND,NACIONAL / IMPORTADO,,7598008000632,,0,0
M-1135,,"ADAPNE (ADAPALENO) 0,1 % X 30 GR GEL TOPICO",18.91190476190476,4.008457982599568,TUBO X 30 GR,GLENMARK,NACIONAL / IMPORTADO,,8904091148011,,0,0
M-0473,,AFLAMAX 50 MG X 10 TAB,5.117460317460318,1.0846672991649677,CAJA X 10 TAB,OFTALMI,NACIONAL / IMPORTADO,,7591196007186,,0,0
M-1666,,AGUA ESTERIL PARA INYECCION X 10 ML AMPOLLA,2.4984375,0.5295543662568886,AMPOLLA,JMW,NACIONAL / IMPORTADO,,203571228310,,0,0
V-0002,,AGUA MINERAL BIENESTAR 600 ML,28.569047619047623,6.055330143927008,CAJA X 20 UNIDADES,BIENESTAR,NACIONAL / IMPORTADO,,614143290732,,0,0
D-0095,,AGUA OXIGENADA AL 3% 10 VOL X 120 CC,2.5277777777777786,0.5357731618859217,FRASCO X 120 CC,EL GUARDIAN,NACIONAL / IMPORTADO,,7591959110217,,0,0
Q-006,,AGUJA HIPODERMICA 18 X 1 1/2 CAJA X 100,11.703272727272726,2.4805580176500053,CAJA X 100,IM-SUMEDICAL,MEDICO / QUIRURGICO,100,652931969200,,0,0
Q-005,,AGUJA HIPODERMICA 18 X 1 CAJA X 100,11.703272727272726,2.4805580176500053,CAJA X 100,IM-SUMEDICAL,MEDICO / QUIRURGICO,100,652931969194,,0,0
Q-008,,AGUJA HIPODERMICA 19 X 1 1/2 CAJA X 100,11.703272727272726,2.4805580176500053,CAJA X 100,IM-SUMEDICAL,MEDICO / QUIRURGICO,100,652931969224,,0,0
Q-007,,AGUJA HIPODERMICA 19 X 1 CAJA X 100,11.703272727272726,2.4805580176500053,CAJA X 100,IM-SUMEDICAL,MEDICO / QUIRURGICO,100,652931969217,,0,0
Q-010,,AGUJA HIPODERMICA 20 X 1 1/2 CAJA X 100,11.703272727272726,2.4805580176500053,CAJA X 100,IM-SUMEDICAL,MEDICO / QUIRURGICO,100,652931969248,,0,0
Q-009,,AGUJA HIPODERMICA 20 X 1 CAJA X 100,11.703272727272726,2.4805580176500053,CAJA X 100,IM-SUMEDICAL,MEDICO / QUIRURGICO,100,652931969231,,0,0
Q-016,,AGUJA HIPODERMICA 26 X 1/2 CAJA X 100,11.703272727272726,2.4805580176500053,CAJA X 100,IM-SUMEDICAL,MEDICO / QUIRURGICO,100,652931969323,,0,0
M-0562,,"AIRFEN INFANTIL 0,025% SOL. X 15 ML",14.0816,2.984654514624841,FRASCO 15 ML,COFASA,NACIONAL / IMPORTADO,,7591818111024,,0,0
M-0641,,AIRON (MONTELUKAST) 10 MG X 10 TAB REC ,12.43,2.6345909283594744,CAJA X 10 TAB,OFTALMI,NACIONAL / IMPORTADO,,7591196002563,,0,0
M-0555,,AIRON (MONTELUKAST) 5 MG X 10 TAB MASTICABLES PEDIATRICO,11.070634920634921,2.346467766137118,CAJA X 10 TAB,OFTALMI,NACIONAL / IMPORTADO,,7591196002549,,0,0
M-1579,,ALBEL (ALBENDAZOL) 400 MG X 3 COMPRIMIDOS,4.996875,1.0591087325137771,CAJA X 3 COMP,GEOLAB,NACIONAL / IMPORTADO,,7899095205062,,0,0
L-0039,,ALBENDAZOL 200 MG TABLETAS MASTICABLES,3.7039682539682537,0.785071694355289,BLISTER X 10 TAB,LAND,NACIONAL / IMPORTADO,,7598008000106,,0,0
M-1663,,ALBENDAZOL 200 MG X 6 TAB,6.262698412698413,1.3274053439377729,CAJA X 6 TAB,PLUSANDEX,NACIONAL / IMPORTADO,,7594001100256,,0,0
M-0573,,ALBENDAZOL 200MG X 2 TAB,3.4873015873015873,0.739148280479353,CAJA X 2 TAB,PLUSANDEX,NACIONAL / IMPORTADO,,7594001100263,,0,0
D-0028,,ALCOHOL ABSOLUTO EXTRAFINO 120 ML,10.42,2.208562950402713,FRASCO X 120 ML,FARMAGENIK,NACIONAL / IMPORTADO,,0011344402221,,0,0
D-0058,,ALCOHOL ABSOLUTO EXTRAFINO 250 ML,14.48,3.0690970750317934,FRASCO X 250 ML,FARMAGENIK,NACIONAL / IMPORTADO,,25525779,,0,0
D-0103,,ALCOHOL ANTISÉPTICO AL 70 % X  1 LT,20.129365079365083,4.266503831997686,FRASCO X 1 LT,EL GUARDIAN,NACIONAL / IMPORTADO,,7592044000113,,0,0
D-0102,,ALCOHOL ANTISÉPTICO AL 70 % X 500 ML,10.668253968253968,2.2611814260818073,FRASCO X 500 ML,EL GUARDIAN,NACIONAL / IMPORTADO,,7592044000106,,0,0
D-0076,,ALCOHOL ISOPROPILICO AL 70% X 1LT,20.603968253968254,4.367097976678307,FRASCO X 1 LT,KENELI ACTIVE,NACIONAL / IMPORTADO,,,,0,0
M-1526,,"ALDUZOL AMP (SALBUTAMOL) 2,5 MG / 2,5 ML SOL P/ NEBULIZAR AMP (11/2022)",3.5801587301587303,0.7588297435690399,AMPOLLA,ALFA,NACIONAL / IMPORTADO,,7468999198642,,0,0
M-0440,,ALERGOT (AZELASTINA) SOL. OFTALMICA,23.959999999999997,5.078423060618905,FRASCO X 5ML,OFTALMI,NACIONAL / IMPORTADO,,7591196002693,,0,0
Q-123,,ALGODÓN 500GR ,19.104,4.049173378550233,ROLLO,IM-SUMEDICAL,MEDICO / QUIRURGICO,1,707273544483,,0,0
M-1152,,"ALPRAM 0,5 MG X 30 TAB",12.2890625,2.6047186307757526,CAJA X 30 TAB,VALMORCA,PSICOTROPICO / ESTUPEFACIENTE,1,7591020005296,,0,0
M-1153,,ALPRAM 1 MG X 30 TAB,17.5296875,3.715491203899958,CAJA X 30 TAB,VALMORCA,PSICOTROPICO / ESTUPEFACIENTE,1,7591020005302,,0,0
M-1154,,ALPRAM 2 MG X 30 TAB,23.400000000000002,4.959728698601102,CAJA X 30 TAB,VALMORCA,PSICOTROPICO / ESTUPEFACIENTE,1,7591020005319,,0,0
M-0823,,ALPRAMACK (ALPRAZOLAM) 1MG X 30 TAB,18.140000000000004,3.8448495125053,CAJA X 30 TAB,CALOX ,PSICOTROPICO / ESTUPEFACIENTE,1,7591519317824,,0,0
M-1523,,ALPRAZOLAM 1 MG X 30 COMP,15.904687500000001,3.371065599830437,CAJA X 30 COMP,ATHENA,PSICOTROPICO / ESTUPEFACIENTE,1,7730932391060,,0,0
M-1694,,ALPRAZOLAM 2 MG X 30 TAB,11.67,2.473505722763883,CAJA X 30 TAB,DAC,PSICOTROPICO / ESTUPEFACIENTE,1,7598578000407,,0,0
M-1231,,AMBIODIPINA (AMLODIPINA) 10 MG TABLETAS,1.3103174603174603,0.27772731248780425,BLISTER X 10 TAB,BIOVENEZUELA,NACIONAL / IMPORTADO,,28904030979311,,0,0
M-1232,,AMBIODIPINA (AMLODIPINA) 5 MG TABLETAS,1.1865079365079367,0.25148536170155505,BLISTER X 10 TAB,BIOVENEZUELA,NACIONAL / IMPORTADO,,28904030979304,,0,0
M-0608,,AMBROXOL 15 MG/5ML JBE X 120 ML PEDIATRICO  (ÉLTER),13.83,2.931326833403985,FRASCO X 120 ML,LA SANTÉ,NACIONAL / IMPORTADO,,75924541202031,,0,0
M-0675,,AMBROXOL 30MG/5ML JBE X 120 ML ADULTO (ELTER),17.97,3.8088172954641797,FRASCO X 120 ML,LA SANTÉ,NACIONAL / IMPORTADO,,7592454120302,,0,0
M-0208,,AMIKACINA 100MG AMPOLLA,3.2603174603174603,0.6910380373712294,AMPOLLA,BIOSANO,NACIONAL / IMPORTADO,,7800061031103,,0,0
M-1272,,AMIKACINA 500 MG / 2 ML SOL INY I.M/I.V,9.879999999999997,2.094107672742687,VIAL,RONAVA,NACIONAL / IMPORTADO,,7592806112030,,0,0
M-0751,,AMIKACIS (AMIKACINA) 5% X 20 GR CREMA (11/2022),9.739682539682539,2.0643667951849385,TUBO X 20 GR,BOOZ,NACIONAL / IMPORTADO,,7597072001262,,0,0
M-1580,,AMINOFILINA 200 MG X 20 COMP (EQ. KLAS) ,3.188095238095238,0.6757302327459174,CAJA X 20 COMP,TEUTO,NACIONAL / IMPORTADO,,7896112110354,,0,0
L-0023,,AMIODARONA 200 MG TABLETAS,13.092857142857143,2.775086295645855,BLISTER X 10 TAB,LAND,NACIONAL / IMPORTADO,,7598008000113,,0,0
L-0087,,AMITRIPTILINA 25MG TAB,1.5476190476190477,0.32802438482811525,BLISTER X 10 TAB,LAND,NACIONAL / IMPORTADO,,7598008000748,,0,0
M-0897,,AMLODIPINA 10MG X 10 TAB (06/2022),4.52,0.9580330648579906,CAJA X 10 TAB,CALOX ,NACIONAL / IMPORTADO,,7591519001358,,0,0
M-0547,,AMLODIPINA 5 MG  X 10 TAB,0.8563492063492064,0.1815068262715571,BLISTER X 10 TAB,BALAXI,NACIONAL / IMPORTADO,,6937874106252,,0,0
M-1447,,AMLODIPINA 5 MG + ATORVASTATINA 20 MG (ATODIP) X 30 TABLETAS RECUBIERTAS,19.1152,4.05154726579059,CAJA X 30 TAB,VALMORCA,NACIONAL / IMPORTADO,,7591020080774,,0,0
L-0001,,AMLODIPINA BESILATO 10 MG TABLETAS,2.011904761904762,0.4264317002765498,BLISTER X 10 TAB,LAND,NACIONAL / IMPORTADO,,7598008000120,,0,0
L-0002,,AMLODIPINA BESILATO 5 MG TABLETAS,1.8055555555555556,0.3826951156328011,BLISTER X 10 TAB,LAND,NACIONAL / IMPORTADO,,7598008000137,,0,0
M-0593,,AMLODIPINO 10 MG X 10 TAB (ÉLTER)  (06/2022),5.653968253968255,1.1983824192387145,CAJA X 10 TAB,LA SANTÉ,NACIONAL / IMPORTADO,,7592454886994,,0,0
M-0558,,AMOXICILINA 500 MG X 8 CAP,6.57,1.3925392115303095,CAJA X 8 CAP,LABORATORIO QUIM-FAR,NACIONAL / IMPORTADO,,7592236002024,,0,0
M-1253,,AMOXIVAL (AMOXICILINA) 250MG/5ML X 90 ML POLVO PARA SUSP ORAL ,23.765625,5.037224459516745,FRASCO X 90 ML,VALMORCA,NACIONAL / IMPORTADO,,7591020000758,,0,0
M-1375,,AMPICILINA 1 G AMPOLLA,2.682539682539683,0.5685756003687331,AMPOLLA,VITALIS,NACIONAL / IMPORTADO,,709193551056,,0,0
M-1284,,AMPICILINA 1 G POLVO PARA INY IM/IV VIAL,2.321428571428572,0.492036577242173,VIAL,BALAXI,NACIONAL / IMPORTADO,,6937874104951,,0,0
M-0313,,AMPICILINA 500MG AMP,2.6103174603174604,0.553267795743421,AMPOLLA,VITALIS,NACIONAL / IMPORTADO,,7707236121587,,0,0
M-0633,,ANALPER CAF (ACETAMINOFEN + CAFEINA) 500MG-40MG X 10 TAB,9.75,2.066553624417126,CAJA X 10 TAB,LA SANTÉ,NACIONAL / IMPORTADO,,7592454001212,,0,0
M-0634,,ANALPER FORTE 650 MG X 10 TAB REFORMULADO,6.5,1.377702416278084,CAJA X 10 TAB,LA SANTÉ,NACIONAL / IMPORTADO,,7592454000802,,0,0
M-0667,,ANALPER NAX 250 MG X 10 CAP ,11.06,2.3442136498516324,CAJA X 10 CAP,LA SANTÉ,NACIONAL / IMPORTADO,,7592454000789,,0,0
M-0668,,ANALPER PLUS 500MG/10MG TAB X 10,19.36,4.1034336583298,CAJA X 10 CAP,LA SANTÉ,NACIONAL / IMPORTADO,,7592454000796,,0,0
M-0902,,ANAPIR (IBUPROFENO) 200MG X 10 CAPSULAS BLANDAS,7.009600000000001,1.4857142857142858,CAJA X 10 CAP,FC PHARMA,NACIONAL / IMPORTADO,,7593090000157,,0,0
M-0164,,ANAPIR (IBUPROFENO) 400MG X 10 CAPSULAS BLANDAS,12.0952,2.5636286562102586,CAJA X 10 CAP,FC PHARMA,NACIONAL / IMPORTADO,,7593090001024,,0,0
M-1550,,"ANASMOL2,5 (WARFARINA SODICA) 2,5 MG X 30 COMPRIMIDOS",22.1,4.684188215345486,CAJA X 30 COMP,ROWE,NACIONAL / IMPORTADO,,7591955003084,,0,0
M-1104,,ANGRIP DIA (ACETAMINOFEN 500MG + CLORFENAMINA MALEATO 2 MG + CAFEINA 30 MG) X 8 COMP ,10.4,2.2043238660449345,CAJA X 8 COMP,GMP,NACIONAL / IMPORTADO,,7591619518978,,0,0
M-1105,,ANGRIP NOCHE (ACETAMINOFEN 500 MG + CLORFENIRAMINA MALEATO 3 MG) X 4 COMP REC,9.1,1.9287833827893175,CAJA X 4 COMP,GMP,NACIONAL / IMPORTADO,,7591619518985,,0,0
M-0503,,"ANTAAR HCT (BISOPROLOL + HIDROCLOROTIAZIDA) 2,5MG/6,25 MG X 30 TAB",30.74,6.515472657905892,CAJA X 30 TAB,MCK PHARMACEUTICAL,NACIONAL / IMPORTADO,,7591519317367,,0,0
M-1581,,APETIVITON (CIPROEPTADINA + VIT B+ VIT D + VIT C) X 240 ML SOL ORAL SABOR CEREZA CARAMELO (EQ. APETININ),10.2984375,2.1827972657905894,FRASCO X 240 ML,CIFARMA,NACIONAL / IMPORTADO,,7898495603843,,0,0
M-0450,,APYRENE (ACETAMINOFEN) 650MG X 10 CAPSULAS,6.6976,1.419584569732938,CAJA X 10 CAP,FC PHARMA,NACIONAL / IMPORTADO,,7593090000034,,0,0
M-1528,,ARCOVAL (ETORICOXIB) 90 MG X 7 TAB REC,18.342187499999998,3.887704005934718,CAJA X 7 TAB,VALMORCA,NACIONAL / IMPORTADO,,7591020009164,,0,0
M-1273,,ARTENOLOL (ATENOLOL) 100 MG X 30 TAB (11/2022),14.559999999999999,3.0860534124629075,CAJA X 30 TAB,RONAVA,NACIONAL / IMPORTADO,,7592806133066,,0,0
L-0028,,ATENOLOL 25 MG TABLETAS,1.6714285714285717,0.3542663356143645,BLISTER X 10 TAB,LAND,NACIONAL / IMPORTADO,,7598008000168,,0,0
L-0037,,ATENOLOL 50 MG TABLETAS,2.4865079365079366,0.5270258449571718,BLISTER X 10 TAB,LAND,NACIONAL / IMPORTADO,,7598008000175,,0,0
M-0476,,ATORVACOF (ATORVASTATINA) 20MG X 14 TAB,13.889999999999999,2.9440440864773207,CAJA X 14 TAB,COFASA,NACIONAL / IMPORTADO,,7591818210512,,0,0
L-0014,,ATORVASTATINA 40 MG TABLETAS,5.602380952380952,1.1874482730777771,BLISTER X 10 TAB,LAND,NACIONAL / IMPORTADO,,7598008000199,,0,0
M-0237,,"ATRACURIO BESILATO 25MG/2,5ML (07/2022)",8.40873015873016,1.7822658242327596,AMPOLLA,BIOSANO,NACIONAL / IMPORTADO,,7800061033169,,0,0
M-1381,,ATROALDO (BROMURO DE IPRATROPIO) 20 MCG X 200 DOSIS SOLUCION PARA INHALAR + DISPOSITIVO (ALDO UNION),48.1,10.194997880457821,UNIDAD,POLINAC,NACIONAL / IMPORTADO,,8470006723128,,0,0
M-0931,,AZITRODEX 500 MG X 3 TABLETAS RECUBIERTAS,8.707936507936507,1.8456838719661948,CAJA X 3 TAB,PLUSANDEX,NACIONAL / IMPORTADO,,7594001101352,,0,0
L-0038,,AZITROMICINA 500 MG TABLETAS X 3,9.368253968253969,1.985640942826191,CAJA X 3 TAB,LAND,NACIONAL / IMPORTADO,,7598008000212,,0,0
M-1673,,AZITROMICINA 500 MG X 3 TABLETAS,8.297656250000001,1.7587232407799918,CAJA X 3 TAB,DAC,NACIONAL / IMPORTADO,,7598578000049,,0,0
M-1674,,BACITRACINA 500 UI/G UNGÜENTO,9.171093749999999,1.943852002967359,TUBO,DAC,NACIONAL / IMPORTADO,,7598578000469,,0,0
M-1261,,BACTEVAL (SULFAMETIZOL 250 MG + FENAZOPIRIDINA CLORHIDRATO 50 MG) X 24 COMPRIMIDOS,22.911200000000004,4.856125476896991,CAJA X 24 COMP,VALMORCA,NACIONAL / IMPORTADO,,7591020007825,,0,0
M-1575,,BARROCUTINA TEENS GEL LIMPIADOR FACIAL DE USO DIARIO X 120 ML,16.203200000000002,3.434336583298008,FRASCO X 120 ML,FC PHARMA,NACIONAL / IMPORTADO,,7593090002397,,0,0
M-1576,,BARROCUTINA TEENS TONICO FACIAL ASTRINGENTE X 120 ML,20.602399999999996,4.366765578635014,FRASCO X 120 ML,FC PHARMA,NACIONAL / IMPORTADO,,7593090000577,,0,0
M-1583,,BELSPAN COMPUESTO (BUTILBROMURO DE ESCOPOLAMINA 10 MG + DIPIRONA SODICA 250 MG) X 20 GRAGEAS (EQ. SARIFAN),19.03571428571429,4.034699933385818,CAJA X 20 GRAGEAS,BELFAR,NACIONAL / IMPORTADO,,7897917001397,,0,0
M-1584,,BENATUX (DIFENHIDRAMINA 5 MG + AMONIO 50 MG + CITRATO DE SODIO 10 MG) X 120 ML SABOR MENTA,7.923809523809524,1.67948485031995,FRASCO X 120 ML,CIFARMA,NACIONAL / IMPORTADO,,7898495603812,,0,0
M-0676,,BETAHISTINA 16 MG X 20 TAB (ELTER) ,29.04,6.155150487494701,CAJA X 20 TAB,LA SANTÉ,NACIONAL / IMPORTADO,,7592454002400,,0,0
L-0097,,BETAMETASONA 4 MG / 1 ML AMP,1.8571428571428572,0.3936292617937383,AMPOLLA,LAND,NACIONAL / IMPORTADO,,7598008000779,,0,0
M-1328,,"BETASALICIS (BETAMETASONA 0,1% + ACIDO SALICILICO 0,05%) X 20 G CREMA",14.848437500000001,3.1471889571852483,TUBO X 20 GR,BOOZ,NACIONAL / IMPORTADO,,7597072001149,,0,0
M-0960,,"BETRICORT (CETOCONAZOL 20 MG + BETAMETASONA 0,64 MG + NEOMICINA 2,5 MG) X 30 GR (EQ. BAYCUTEN Y QUADRIMER)",9.29296875,1.9696839232725731,TUBO,GEOLAB,NACIONAL / IMPORTADO,,7899095203266,,0,0
M-0515,,BICARBONATO DE SODIO  5% 100 ML,19.03,4.033488766426452,FRASCO,LAB BEHRENS,NACIONAL / IMPORTADO,,7592637000100,,0,0
M-0504,,BIOCOR AMLO (OLMESARTAN 20 MG + AMLODIPINA 5 MG) X 30 TAB ,29.25,6.199660873251378,CAJA X 30 TAB,MCK PHARMACEUTICAL,NACIONAL / IMPORTADO,,7591519316247,,0,0
M-1460,,BIOCOR AMLO (OLMESARTAN 40 MG + AMLODIPINA 5 MG) X 10 TAB,14.63,3.1008902077151337,CAJA X 10 TAB,MCK PHARMACEUTICAL,NACIONAL / IMPORTADO,,7591519317688,,0,0
M-0505,,BIOCOR AMLO (OLMESARTAN 40 MG + AMLODIPINA 5 MG) X 30 TAB ,35.1,7.439593047901654,CAJA X 30 TAB,MCK PHARMACEUTICAL,NACIONAL / IMPORTADO,,75915193162230,,0,0
M-1329,,BOOZSPORT (SALICILATO METILICO 10% + MENTOL 7% + ALCANFOR 2%) X 40 G CREMA,9.368253968253969,1.985640942826191,TUBO X 40 GR,BOOZ,NACIONAL / IMPORTADO,,7597072001187,,0,0
M-1213,,"BOROCANFOR RELAX ""ANTI-ROCE"" BARRA X 14 GR",13.474603174603176,2.85599897723679,BARRA,LAB. VITA,NACIONAL / IMPORTADO,,7591808525114,,0,0
M-1288,,BOSKA (PARACETAMOL 500 MG + CAFEINA 30 MG) X 10 TAB,2.734126984126984,0.5795097465296702,BLISTER X 10 TAB,BALAXI,NACIONAL / IMPORTADO,,18906101701589,,0,0
M-1585,,BRIMONIDINA 2 MG X 5 ML GOTAS OFTALMICAS (EQ. ALFADYN),26.144444444444446,5.54142527436296,GOTAS X 5 ML,TEUTO,NACIONAL / IMPORTADO,,7896112129363,,0,0
M-0187,,"BRODILIN 0,005MG/5ML JBE PEDIATRICO X 120ML ",17.519047619047623,3.713236036254265,FRASCO,ZUOZ PHARMA,NACIONAL / IMPORTADO,,7591651896805,,0,0
M-1392,,BROMHEXINA 4MG/ 5ML X 120 ML ,12.44,2.6367104705383637,FRASCO X 120 ML,LA SANTÉ,NACIONAL / IMPORTADO,,7592454891448,,0,0
M-0728,,BROXOL 50 MG/5 ML X 120 ML JARABE PEDIATRICO,18.2,3.857566765578635,FRASCO X 120 ML,LA SANTÉ,NACIONAL / IMPORTADO,,7592454536370,,0,0
M-0669,,BROXOL FLEM 100MG/15ML JARABE X 120 ML,19.5,4.133107248834252,FRASCO X 120 ML,LA SANTÉ,NACIONAL / IMPORTADO,,7592454000444,,0,0
M-0940,,BROXOL FLEM GOTAS X 30 ML,15.6,3.3064857990674015,FRASCO X 30 ML,LA SANTÉ,NACIONAL / IMPORTADO,,75924548890994,,0,0
M-0630,,BROXOL GRIP  125-1MG/5 ML JBE PEDIATRICO,11.96,2.5349724459516745,FRASCO,LA SANTÉ,NACIONAL / IMPORTADO,,7592454000734,,0,0
M-0635,,"BUCOXOLGAR 0,15/0,25% SOL TOP. SABOR FRUTOS ROJOS ",12.35,2.6176345909283594,FRASCO X 120 ML,LA SANTÉ,NACIONAL / IMPORTADO,,7592454891332,,0,0
M-0636,,"BUCOXOLGAR 0,15/0,25% SOL TOP. SABOR MENTA",12.35,2.6176345909283594,FRASCO X 120 ML,LA SANTÉ,NACIONAL / IMPORTADO,,7592454891349,,0,0
M-0637,,"BUCOXOLGAR 0,15/0,25% SOL TOP. SABOR MIEL Y LIMON",12.35,2.6176345909283594,FRASCO X 120 ML,LA SANTÉ,NACIONAL / IMPORTADO,,7592454891356,,0,0
M-0441,,BUDENAS (BUDESONIDA) SUSP. NASAL,28.9432,6.134633319203052,FRASCO X 15ML,OFTALMI,NACIONAL / IMPORTADO,,7591196006134,,0,0
M-1505,,CALAMINOL HIDRALIV X 88 ML,14.58888888888889,3.092176534313033,FRASCO,LAB. VITA,NACIONAL / IMPORTADO,,7591088000123,,0,0
L-0070,,CALCIO CON VITAMINA D3 (250 MG + 125 UI) TABLETAS,4.333333333333333,0.9184682775187226,BLISTER X 10 TAB,LAND,NACIONAL / IMPORTADO,,7598008000786,,0,0
M-1145,,CANDER (CANDESARTAN) 16MG X 30 TAB,39.1828125,8.304962378126325,CAJA X 30 TAB,VALMORCA,NACIONAL / IMPORTADO,,7591020008303,,0,0
M-1144,,CANDER (CANDESARTAN) 8MG X 30 TAB,28.640625,6.070501271725307,CAJA X 30 TAB,VALMORCA,NACIONAL / IMPORTADO,,7591020008297,,0,0
M-1251,,"CANDER HCT (CANDESARTAN 16MG  + HIDROCLOROTIAZIDA 12,5MG) X 30 TAB",43.30625,9.178942348452734,CAJA X 30 TAB,VALMORCA,NACIONAL / IMPORTADO,,7591020080620,,0,0
M-1250,,"CANDER HCT (CANDESARTAN 8MG  + HIDROCLOROTIAZIDA 12,5MG) X 30 TAB",29.8168,6.319796523950827,CAJA X 30 TAB,VALMORCA,NACIONAL / IMPORTADO,,7591020080637,,0,0
L-0074,,CANDESARTAN 16 MG TABLETAS,7.366666666666666,1.5613960717818285,BLISTER X 10 TAB,LAND,NACIONAL / IMPORTADO,,7598008000793,,0,0
M-0692,,CANDESARTAN 16 MG X 10 TAB (ELTER),13.83,2.931326833403985,CAJA X 10 TAB,LA SANTÉ,NACIONAL / IMPORTADO,,7592454891189,,0,0
Q-030,,CANULA DE MAYO # 0 (60 MM) NEGRA,1.7629090909090908,0.3736560175729315,UND,IM-SUMEDICAL,MEDICO / QUIRURGICO,50,652931967329,,0,0
Q-029,,CANULA DE MAYO # 00 (50 MM) AZUL,1.7629090909090908,0.3736560175729315,UND,IM-SUMEDICAL,MEDICO / QUIRURGICO,50,652931967299,,0,0
Q-028,,CANULA DE MAYO # 000 (40 MM) ROSADO,1.7629090909090908,0.3736560175729315,UND,IM-SUMEDICAL,MEDICO / QUIRURGICO,50,652931967268,,0,0
Q-031,,CANULA DE MAYO # 1 (70 MM) BLANCA,1.7629090909090908,0.3736560175729315,UND,IM-SUMEDICAL,MEDICO / QUIRURGICO,50,652931967350,,0,0
Q-034,,CANULA DE MAYO # 5 (110 MM) TURQUESA,1.7629090909090908,0.3736560175729315,UND,IM-SUMEDICAL,MEDICO / QUIRURGICO,50,652931967503,,0,0
Q-035,,CANULA DE MAYO # 6 (120 MM) NARANJA,1.7629090909090908,0.3736560175729315,UND,IM-SUMEDICAL,MEDICO / QUIRURGICO,50,652931967473,,0,0
Q-216,,CANULA DE OXIGENO ADULTO,2.688,0.56973293768546,UND,MC MEDICAL,MEDICO / QUIRURGICO,,,,0,0
Q-176,,CANULA NASAL DE OXIGENO PEDIATRICO,2.146909090909091,0.45504643724228294,UND,MC MEDICAL,MEDICO / QUIRURGICO,1,810028130463,,0,0
M-1701,,"CAPLAM (ALPRAZOLAM) 0,5 MG X 30 COMP",9.74,2.0644340822382365,CAJA X 30 COMP,SNC PHARMA,PSICOTROPICO / ESTUPEFACIENTE,1,724373531090,,0,0
M-0586,,CAPLAM (ALPRAZOLAM) 1 MG X 50 COMP,14.95,3.168715557439593,CAJA X 50 COMP,SNC PHARMA,PSICOTROPICO / ESTUPEFACIENTE,1,7595368000418,,0,0
L-0003,,CAPTOPRIL 25 MG  TABLETAS,2.4761904761904763,0.5248390157249844,BLISTER X 10 TAB,LAND,NACIONAL / IMPORTADO,,7598008000236,,0,0
M-1586,,CAPTOPRIL 25 MG X 30 COMPRIMIDOS,3.5546875,0.7534310089020771,CAJA X 30 COMP,TEUTO,NACIONAL / IMPORTADO,,7896112116660,,0,0
M-0382,,CAPTOPRIL 50 MG X 30 TAB CALOX,16.25,3.44425604069521,CAJA X 30 TAB,CALOX ,NACIONAL / IMPORTADO,,7591519051292,,0,0
M-1399,,CARBAMAZEPINA 2% 100 MG/5 ML X 250 ML SUSPENSION ORAL,44.36507936507937,9.40336569840597,FRASCO X 250 ML,JMW,NACIONAL / IMPORTADO,,8906089281380,,0,0
M-1289,,CARBAMAZEPINA 200 MG X 10 TAB,4.4585937499999995,0.945017751165748,BLISTER X 10 TAB,BALAXI,NACIONAL / IMPORTADO,,6937874106344,,0,0
M-1262,,CARBAMAZEPINA 200 MG X 20 TAB (GENCER),15.6416,3.3153030945315813,CAJA X 20 TAB,VALMORCA,NACIONAL / IMPORTADO,,7591020003179,,0,0
L-0008,,CARBAMAZEPINA 400 MG TABLETAS,8.707936507936507,1.8456838719661948,BLISTER X 10 TAB,LAND,NACIONAL / IMPORTADO,,7598008000243,,0,0
L-0021,,CARBIDOPA + LEVODOPA (50 MG + 250 MG) TABLETAS (ESTUCHE INDIVIDUAL),15.032539682539683,3.186210191297093,CAJA X 10 TAB,LAND,NACIONAL / IMPORTADO,,7598008001233,,0,0
M-1587,,"CARDBET (CARVEDILOL) 6,25 MG X 30 COMP",6.9265625,1.4681141373463333,CAJA X 30 COMP,NOVA QUIMICA,NACIONAL / IMPORTADO,,7895296261043,,0,0
M-0913,,"CARDIBIOL (CARVEDILOL) 12,5MG X 10 TAB",8.057936507936507,1.7079136303383864,BLISTER X 10 TAB,BIOVENEZUELA,NACIONAL / IMPORTADO,,18904187831718,,0,0
L-0042,,"CARVEDILOL 12,5 MG TABLETAS",4.302380952380952,0.9119077898221603,BLISTER X 10 TAB,LAND,NACIONAL / IMPORTADO,,7598008000267,,0,0
L-0043,,CARVEDILOL 25 MG TABLETAS,4.900793650793651,1.0387438852890316,BLISTER X 10 TAB,LAND,NACIONAL / IMPORTADO,,7598008000274,,0,0
M-1290,,CARVEDILOL 25 MG X 10 TAB (07/2022),4.797619047619048,1.0168755929671573,BLISTER X 10 TAB,JMW,NACIONAL / IMPORTADO,,8906046119602,,0,0
L-0044,,"CARVEDILOL 6,25 MG TABLETAS",3.435714285714286,0.7282141343184159,BLISTER X 10 TAB,LAND,NACIONAL / IMPORTADO,,7598008000250,,0,0
M-0366,,CEFADROXILO 250 MG / 5 ML (07/2022),9.863492063492064,2.090608745971188,FRASCO,ALFA,NACIONAL / IMPORTADO,,7468999185420,,0,0
L-0103,,CEFEPIME 1000 MG INYECTABLE I.M/I.V,15.290476190476191,3.2408809221017787,AMPOLLA,LAND,NACIONAL / IMPORTADO,,7598008001141,,0,0
L-0095,,CEFOTAXIMA 1G AMP POLVO P/ INY,6.644444444444446,1.4083180255287082,AMPOLLA,LAND,NACIONAL / IMPORTADO,,7598008000809,,0,0
M-1376,,CEFRADINA 1G AMPOLLA,5.6642857142857155,1.200569248470902,AMPOLLA,VITALIS,NACIONAL / IMPORTADO,,7709526459875,,0,0
M-1508,,CEFTIROL (CEFTRIAXONA) 1G POLVO PARA SOL INYECTABLE I.M/I.V,8.09920634920635,1.7166609472671364,VIAL,INNOVA,NACIONAL / IMPORTADO,,8904210805610,,0,0
M-1367,,CEFTRIAXONA 1 G PVO PARA SOLUCION INYECTABLE IM IV,6.231746031746032,1.3208448562412107,VIAL,MEDEK PHARMA,NACIONAL / IMPORTADO,,7463719353523,,0,0
L-0094,,CEFTRIAXONA 1000 MG POLVO P/ INY,6.107936507936508,1.2946029054549615,VIAL,LAND,NACIONAL / IMPORTADO,,7598008000816,,0,0
M-0563,,CELAY (CETIRIZINA)  10 MG X 10 TAB,10.358400000000003,2.195506570580755,CAJA X 10 TAB,COFASA,NACIONAL / IMPORTADO,,7591818116104,,0,0
M-1511,,CETIRIZINA 10 MG X 10 TAB,3.930952380952381,0.8331819374634127,CAJA X 10 TAB,JMW,NACIONAL / IMPORTADO,,18906047593811,,0,0
M-0596,,CETIRIZINA 5 MG/5ML X 60 ML JBE (ÉLTER),9.69,2.0538363713437895,FRASCO X 60 ML,LA SANTÉ,NACIONAL / IMPORTADO,,7592454138239,,0,0
M-1588,,CETOP (KETOCONAZOL) 20 MG X 100 ML SHAMPOO ,17.83888888888889,3.781027742452075,FRASCO X 100 ML,AIRELA,NACIONAL / IMPORTADO,,7894164003938,,0,0
M-1590,,CICLOBENZAPRINA 10 MG X 30 COMP (PARECIDO A DORIXINA FLEX),11.547656250000001,2.447574448919034,CAJA X 30 COMP,GLOBO,NACIONAL / IMPORTADO,,7898060139951,,0,0
M-1592,,"CINATREX (TETRACICLINA) 5 MG  X 3,5 G POMADA OFTALMICA (EQ. TERRAMICINA)",10.481250000000001,2.2215451462484106,TUBO X 35 G,CIFARMA,NACIONAL / IMPORTADO,,7898158690586,,0,0
M-1593,,CIPROFIBRATO 100 MG X 30 COMP,23.152380952380955,4.907244797028604,CAJA X 30 COMP,GEOLAB,NACIONAL / IMPORTADO,,7899095239838,,0,0
L-0091,,"CIPROFLOXACINA 0,3% X 5 ML GOTAS OFTALMICAS (EQ. QUINOFTAL)",6.242063492063492,1.3230316854733981,GOTAS,LAND,NACIONAL / IMPORTADO,,7598008000830,,0,0
L-0045,,CIPROFLOXACINA 500 MG TABLETAS,5.313492063492064,1.126217054576529,BLISTER X 10 TAB,LAND,NACIONAL / IMPORTADO,,7598008000304,,0,0
M-0120,,CIPROFLOXACINA 500MG X 14 TAB,17.88,3.7897414158541753,CAJA X 14 TAB,CALOX ,NACIONAL / IMPORTADO,,7591519001716,,0,0
M-1257,,CIPROQUIN (CIPROFLOXACINA) 2 MG/ML X 100 ML SOLUCION I.V,15.35,3.2534972445951675,FRASCO X 100 ML,LAB BEHRENS,NACIONAL / IMPORTADO,,7592637000216,,0,0
M-0154,,"CITRATO DE POTASIO AL 10,8% 1LT",29.2,6.1890631623569305,FRASCO 1LT,FARMAGENIK,NACIONAL / IMPORTADO,,25526479,,0,0
M-0170,,"CITRATO DE POTASIO AL 10,8% 500ml",21.65,4.5888088172954635,FRASCO 500ml,FARMAGENIK,NACIONAL / IMPORTADO,,112345202237,,0,0
M-0442,,CLARASOL SOL. OFTALMICA,24.21,5.131411615091141,FRASCO X 15ML,OFTALMI,NACIONAL / IMPORTADO,,7591196000071,,0,0
M-0467,,CLARIX SOL NASAL PEDIATRICO,15.950793650793653,3.3808379929617747,FRASCO X 15ML,OFTALMI,NACIONAL / IMPORTADO,,7591196000101,,0,0
M-0995,,"CLENBUXOL (CLENBUTEROL + AMBROXOL) 0,005MG/ML + 7,5MG/ML X 20 ML GOTAS",15.6,3.3064857990674015,FRASCO X 20 ML,ROWE,NACIONAL / IMPORTADO,,7591955000175,,0,0
L-0104,,CLINDAMICINA 600 MG/4 ML INY I.M/I.V ,9.677777777777779,2.051245819791814,AMPOLLA,LAND,NACIONAL / IMPORTADO,,7598008001165,,0,0
M-1594,,"CLINDELLA (TIBOLONA) 2,5 MG X 30 COMP",36.214285714285715,7.675770604977896,CAJA X 30 COMP,NOVA QUIMICA,NACIONAL / IMPORTADO,,7895296263016,,0,0
M-1675,,CLONEDAC FEET (BIFONAZOL) 20 G CREMA,9.364062500000001,1.9847525434506148,TUBO X 20 GR,DAC,NACIONAL / IMPORTADO,,7598579000506,,0,0
M-0948,,CLONIXINATO DE LISINA 100MG/2ML AMPOLLA,3.8277777777777775,0.8113136451415383,AMPOLLA,BIOSANO,NACIONAL / IMPORTADO,,7800061001120,,0,0
M-1155,,"CLONZEP 0,5 MG X 30 TAB",14.848437500000001,3.1471889571852483,CAJA X 30 TAB,VALMORCA,PSICOTROPICO / ESTUPEFACIENTE,1,7591020080750,,0,0
M-1156,,CLONZEP 2 MG X 30 TAB,24.14140625,5.116872880457821,CAJA X 30 TAB,VALMORCA,PSICOTROPICO / ESTUPEFACIENTE,1,7591020080767,,0,0
L-0019,,CLOPIDOGREL 75 MG TABLETAS,4.880158730158731,1.0343702268246568,BLISTER X 10 TAB,LAND,NACIONAL / IMPORTADO,,7598008000311,,0,0
M-1292,,CLOPIDOGREL 75 MG X 10 TAB,5.086507936507936,1.0781068114684054,BLISTER X 10 TAB,JMW,NACIONAL / IMPORTADO,,8906046119572,,0,0
M-0351,,CLORACE (ACETAMINOFEN 500 MG + CLORFENIRAMINA 4 MG) X 10 TAB,12.168,2.579058923272573,CAJA X 10 TAB,COFASA,NACIONAL / IMPORTADO,,7591818116043,,0,0
M-1463,,CLORACE (ACETAMINOFEN 500 MG + CLORFENIRAMINA 4 MG) X 20 TAB,22.6824,4.807630351844002,CAJA X 20 TAB,COFASA,NACIONAL / IMPORTADO,,7591818215265,,0,0
M-1068,,CLORACI (VITAMINA C) 1000 MG X 30 TAB,28.83,6.110640101738024,FRASCO X 30 TAB,COFASA,NACIONAL / IMPORTADO,,7591818000106,,0,0
M-1134,,CLORACI PLUS (VITAMINA C 100 MG + ZINC 10 MG) X 30 TAB,35.66159999999999,7.558626536668078,FRASCO X 30 TAB,COFASA,NACIONAL / IMPORTADO,,7591818000182,,0,0
M-0861,,"CLORURO DE SODIO 0,9% PART FILL X 100 ML",11.1,2.3526918185671892,FRASCO,LAB BEHRENS,NACIONAL / IMPORTADO,,7592637001312,,0,0
M-1574,,CLOTRIGEN (CLOTRIMAZOL + GENTAMICINA + BETAMETASONA) x 30 g CREMA,11.8,2.501059771089445,TUBO X 30 G,FARMAGENIK,NACIONAL / IMPORTADO,,112255006185,,0,0
M-0774,,CLOTRIM+NEOMIC+DEXAMETA CREMA X 20 GR. ÉLTER,24.9,5.277660025434506,TUBO,LA SANTÉ,NACIONAL / IMPORTADO,,7703763300051,,0,0
M-1374,,CLOXACILINA 500 MG PVO PARA INY AMP,2.7753968253968253,0.58825706345842,AMPOLLA,DFM PHARMA,NACIONAL / IMPORTADO,,7801000000310,,0,0
M-0761,,CODEBROMIL PLUS JBE X 90 ML,28.6,6.0618906316235694,FRASCO,LAB VINCENTI,PSICOTROPICO / ESTUPEFACIENTE,1,7592782001755,,0,0
M-1241,,"COLAYTE (PREPARACION DE POLIETILENGLICOL 3350 + ELECTROLITOS) ESTUCHE X 4 TARROS 69,7 GR PARA LAVADO GASTROINTESTINAL",88.66000000000001,18.791860958033066,CAJA X 4 TARROS,RONAVA,NACIONAL / IMPORTADO,,7592806132014,,0,0
D-0050,,COLECTOR DE HECES,0.6706349206349207,0.14214390009218328,CAPSULA,PLASTICOS FAD,NACIONAL / IMPORTADO,,,,0,0
M-1263,,COLVAL (TIOCOLCHICOSIDO) 4 MG X 12 COMPRIMIDOS,26.7592,5.671725307333616,CAJA X 20 COMP,VALMORCA,NACIONAL / IMPORTADO,,7591020001052,,0,0
M-1596,,COMPLEJO B (VIT B1-B2-B3-B5-B6-B12) x 50 COMPRIMIDOS,8.862698412698414,1.8784863104490068,CAJA X 50 COMP,AIRELA,NACIONAL / IMPORTADO,,7894164006472,,0,0
L-0090,,COMPLEJO B VITAMINAS TABLETAS,2.1563492063492067,0.45704730952717393,BLISTER X 10,LAND,NACIONAL / IMPORTADO,,7598008000953,,0,0
L-0101,,COMPLEJO B VITAMINAS X 10 ML INYECTABLE IM-IV,6.242063492063492,1.3230316854733981,VIAL,LAND,NACIONAL / IMPORTADO,,7598008001172,,0,0
M-1597,,CONAZOL (KETOCONAZOL) 20 MG/ G X 20 G CREMA,5.55546875,1.177505033912675,TUBO X 20 GR,BRASTERAPICA,NACIONAL / IMPORTADO,,7898100241279,,0,0
M-0443,,CORTYNASE 140 DOSIS SUSP. NASAL,37.68968253968255,7.988487185180702,FRASCO ,OFTALMI,NACIONAL / IMPORTADO,,7591196004604,,0,0
M-0932,,CROMOFTAL AL 4% SOLUCION OFTALMICA X 10 ML,8.429365079365079,1.7866394826971341,FRASCO,OFTALMI,NACIONAL / IMPORTADO,,7591196000149,,0,0
M-1390,,CROMOLOX 4% (CROMOGLICATO DE SODIO 40 MG) X 5 ML SOL OFTALMICA (PHARMETIQUE LABS),12.092063492063494,2.562963860123674,GOTAS,LA SANTÉ,NACIONAL / IMPORTADO,,7703763704118,,0,0
M-1680,,DAC-LAX (POLIETILENGLICOL) 120 G POLVO,12.48203125,2.6456191712590083,FRASCO X 120 G,DAC,NACIONAL / IMPORTADO,,7598578000278,,0,0
M-0617,,DAKSOL 500MG X 4 TAB,10.92,2.314540059347181,CAJA X 4 TAB,GALENO,NACIONAL / IMPORTADO,,7592454138857,,0,0
M-0662,,"DESLER 0,5 MG/ML JARABE PEDIATRICO X 60 ML",14.34,3.039423484527342,FRASCO X 60 ML,GALENO,NACIONAL / IMPORTADO,,7592454891318,,0,0
M-0624,,"DESLER M 1,25 MG/4 MG  PEDIATRICO X 10 SOBRES GRANULADO ",15.81,3.350996184824078,CAJA X 10 SOBRES,GALENO,NACIONAL / IMPORTADO,,7592454891233,,0,0
M-0729,,DESLER M 5MG - 10 MG X 10 TAB RECUBIERTAS ,28.59,6.05977108944468,CAJA X 10 TAB,GALENO,NACIONAL / IMPORTADO,,7592454891257,,0,0
M-0933,,DESLORAT 5MG X 20 TAB,14.31031746031746,3.033132145043972,CAJA X 20 TAB,OFTALMI,NACIONAL / IMPORTADO,,7591196002976,,0,0
M-0677,,"DESLORATADINA 2,5 MG/ML JARABE X 60 ML (ELTER)",12.44,2.6367104705383637,FRASCO X 60 ML,LA SANTÉ,NACIONAL / IMPORTADO,,7703763393053,,0,0
M-0598,,DESLORATADINA 5 MG X 10 TAB (ÉLTER),8.29,1.7571004662992793,CAJA X 10 TAB,LA SANTÉ,NACIONAL / IMPORTADO,,7592454001311,,0,0
M-1598,,"DEXAGLOS (DEXAMETASONA) 0,1 MG/ MG X 100 ML ",5.93125,1.2571534548537517,FRASCO X 100 ML,BELFAR,NACIONAL / IMPORTADO,,7897917000383,,0,0
M-1521,,DEXAMETASONA 4 MG X 10 COMPRIMIDOS ,11.58,2.454429843153879,CAJA X 10 COMP,SPEFAR,NACIONAL / IMPORTADO,,7590027002642,,0,0
L-0096,,DEXAMETASONA 4MG/ML AMPOLLA,1.8571428571428572,0.3936292617937383,AMPOLLA,LAND,NACIONAL / IMPORTADO,,7598008000854,,0,0
M-1665,,"DEXTAMIN (DESLORATADINA) 0,5 MG/ML X 60 ML SOL ORAL PEDIATRICO",8.893650793650794,1.885046798145569,FRASCO X 60 ML,PLUSANDEX,NACIONAL / IMPORTADO,,7594001101680,,0,0
M-1685,,DIABETYLL CREMA HIDRATANTE P/ DIABETICOS X 300 G,30.58046875,6.481659336583299,FRASCO X 300 G,AVVIO PHARMA,NACIONAL / IMPORTADO,,7908028021041,,0,0
D-0055,,DIADEX PHIS JABON X 1 LT,44.6888,9.471979652395083,FRASCO,POLINAC,NACIONAL / IMPORTADO,,7592348208215,,0,0
M-1692,,DIAMENIL PLUS (METFMORMINA 1000 MG + GLIMEPIRIDA 2 MG) X 30 TAB RECUBIERTAS,38.41,8.141161509114031,CAJA X 30 TAB,GLOBAL FARMA,NACIONAL / IMPORTADO,,7406076125273,,0,0
M-1600,,DICAZID (GLICAZIDA) 30 MG X 30 COMP (EQ GLIDAN),15.478125,3.2806538787621875,CAJA X 30 COMP,PHARLAB,NACIONAL / IMPORTADO,,7898216360260,,0,0
D-0071,,"DICLOFENAC GEL (HEAT RUB) 1,16% X 25 GR",10.420634920634921,2.2086975245093092,TUBO X 25 GR,BALAXI,NACIONAL / IMPORTADO,,18906101701121,,0,0
M-0496,,DICLOFENAC POTASICO (POLTAX) 50 MG X 20 COMP,3.3738095238095243,0.7150931589252912,CAJA X 20 COMP,GEOLAB,NACIONAL / IMPORTADO,,7899095201316,,0,0
M-1274,,DICLOFENAC SODICO (FLOGAREN) 50 MG X 20 TAB,9.879999999999997,2.094107672742687,CAJA X 20 TAB,RONAVA,NACIONAL / IMPORTADO,,7592806134025,,0,0
M-0539,,DICLOFENAC SODICO 50 MG + PARACETAMOL 500 MG X 10 TAB,2.69140625,0.5704549067401441,BLISTER X 10 TAB,BALAXI,NACIONAL / IMPORTADO,,7469106377332,,0,0
M-0599,,DICLOFENAC SODICO 50MG X 20 TAB (ÉLTER),8.470634920634922,1.795386799625884,CAJA X 20 TAB,LA SANTÉ,NACIONAL / IMPORTADO,,7592454139304,,0,0
M-1196,,DIFENAC (DICLOFENAC SODICO) 100 MG X 10 COMP,13.26,2.8105129292072912,CAJA X 10 COMP,DOLLDER,NACIONAL / IMPORTADO,,7592803000316,,0,0
L-0007,,"DIGOXINA 0,25 MG TABLETAS",3.0952380952380953,0.6560487696562305,BLISTER X 10 TAB,LAND,NACIONAL / IMPORTADO,,7598008000359,,0,0
M-1668,,DIOSMINA 450 MG + HESPERIDINA 50 MG X 10 TAB,19.14453125,4.057764147944044,BLISTER X 10 TAB,JMW,NACIONAL / IMPORTADO,,18906047594849,,0,0
M-0469,,DOBET SOL. OFTALMICA,36.88492063492063,7.817914505070079,FRASCO 5ML,OFTALMI,NACIONAL / IMPORTADO,,7591196000583,,0,0
M-0950,,DOMPERIDONA 10MG/2ML AMPOLLA,11.483333333333334,2.4339409354246153,AMPOLLA,BIOSANO,NACIONAL / IMPORTADO,,7800061000765,,0,0
M-1100,,DROPERIDOL 5MG/2ML AMPOLLA,4.57063492063492,0.9687653498590336,AMPOLLA,BIOSANO,NACIONAL / IMPORTADO,,7800061165105,,0,0
M-0556,,DUOVENT 15 ML. SUSP P/INHALAR ,34.95439999999999,7.408732513777022,FRASCO X 15 ML,OFTALMI,NACIONAL / IMPORTADO,,7591196002204,,0,0
M-1148,,DUROVAL (SILDENAFIL) 100 MG X 1 TAB RECUBIERTA,5.751200000000001,1.2189910979228489,CAJA X 1 TAB,VALMORCA,NACIONAL / IMPORTADO,,7591020006330,,0,0
M-1146,,DUROVAL (SILDENAFIL) 50 MG X 1 TAB RECUBIERTA,3.23984375,0.6866985481136074,CAJA X 1 TAB,VALMORCA,NACIONAL / IMPORTADO,,7591020005012,,0,0
M-1147,,DUROVAL (SILDENAFIL) 50 MG X 2 TAB RECUBIERTA,5.7992187500000005,1.229168874523103,CAJA X 2 TAB,VALMORCA,NACIONAL / IMPORTADO,,7591020003230,,0,0
M-1602,,ENALAPRIL 10 MG X 30 COMP,5.1796875,1.097856612971598,CAJA X 30 COMP,TEUTO,NACIONAL / IMPORTADO,,7896112126225,,0,0
M-1662,,ENALAPRIL 20 MG X 30 COMP,5.746825396825398,1.2180638823284013,CAJA X 30 COMP,CIMED,NACIONAL / IMPORTADO,,7896253210773,,0,0
M-0485,,ENALAPRIL 20MG X 30 TAB PLUSANDEX,7.4904761904761905,1.5876380225680777,CAJA X 30 TAB,PLUSANDEX,NACIONAL / IMPORTADO,,7594001101222,,0,0
L-0010,,ENALAPRIL MALEATO 10 MG TABLETAS,1.2277777777777779,0.26023267863030475,BLISTER X 10 TAB,LAND,NACIONAL / IMPORTADO,,7598008000366,,0,0
L-0004,,ENALAPRIL MALEATO 20 MG TABLETAS,2.4142857142857137,0.5117180403318596,BLISTER X 10 TAB,LAND,NACIONAL / IMPORTADO,,7598008000373,,0,0
M-0906,,ENALAPRIL MALEATO 20MG X 10 TAB (06/2022),4.73,1.0025434506146673,CAJA X 10 TAB,CALOX ,NACIONAL / IMPORTADO,,7591519317787,,0,0
M-1513,,"ENOXAPARINA SODICA (E-NEXY) 60 MG / O,6 ML JERINGA PRELLENADA",54.46587301587302,11.544271516717469,JERINGA PRELLENADA,ORLEY LABORATORIES,NACIONAL / IMPORTADO,,,,0,0
M-1264,,EPITRAL (LAMOTRIGINA) 100 MG X 30 TAB,21.0288,4.457142857142857,CAJA X 30 TAB,VALMORCA,NACIONAL / IMPORTADO,,7591020081078,,0,0
M-1149,,EPITRAL (LAMOTRIGINA) 50 MG X 30 TAB,15.660937500000001,3.3194017592200087,CAJA X 30 TAB,VALMORCA,NACIONAL / IMPORTADO,,7591020081092,,0,0
M-0952,,ERGOMETRINA MALEATO 0.2MG/1ML AMPOLLA (CADENA DE FRIO),2.1150793650793647,0.44829999259842407,AMPOLLA,BIOSANO,NACIONAL / IMPORTADO,,7800061180108,,0,0
M-0622,,ESOZ (ESOMEPRAZOL) 20 MG X 14 CAP  (GALENO),17.742400000000004,3.7605765154726587,CAJA X 14 CAP,GALENO,NACIONAL / IMPORTADO,,7592454889285,,0,0
M-0623,,ESOZ (ESOMEPRAZOL) 40 MG X 14 CAP (GALENO),21.840000000000003,4.629080118694363,CAJA X 14 CAP,GALENO,NACIONAL / IMPORTADO,,7592454889292,,0,0
M-0626,,ESOZ (ESOMEPRAZOL) 40 MG X 7 CAP (GALENO),14.34,3.039423484527342,CAJA X 7 CAP,GALENO,NACIONAL / IMPORTADO,,7592454891271,,0,0
M-0352,,EUSILEN (TIOCOLCHICOSIDO) 4mg X 15 COMPRIMIDOS ,38.46960000000001,8.153793980500213,CAJA X 15 TAB,COFASA,NACIONAL / IMPORTADO,,7591818222164,,0,0
M-0652,,EUSILEN (TIOCOLCHICOSIDO) 4MG X 8 COMPRIMIDOS ,21.4864,4.554133107248834,CAJA X 8 COMP,COFASA,NACIONAL / IMPORTADO,,7591818116005,,0,0
M-1605,,FENITOINA 100 MG X 30 COMP,9.925396825396826,2.1037297213643122,CAJA X 30 COMP,TEUTO,NACIONAL / IMPORTADO,,7896112114574,,0,0
M-0949,,"FENOTEROL BROMHIDRATO 0,5MG/10ML AMPOLLA (07/2022)",27.92936507936508,5.9197467315313865,AMPOLLA,BIOSANO,NACIONAL / IMPORTADO,,7800061200103,,0,0
M-1606,,FERRONIL (SULFATO FERROSO) 40 MG X 50 COMP (EQ. FERGANIC),8.551562500000001,1.8125397414158544,CAJA X 50 COMP,TEUTO,NACIONAL / IMPORTADO,,7896112144892,,0,0
M-1696,,FEXOFENADINA CLORHIDRATO 180 MG X 7 TAB RECUBIERTAS,13.14,2.785078423060619,CAJA X 7 TAB,LA SANTÉ,NACIONAL / IMPORTADO,,7703763371037,,0,0
M-1069,,FEXOFENADINA HCL 30MG/5ML X 120 ML SUSPENSION (11/2022),24.019047619047623,5.090938452532349,FRASCO X 120 ML,LA SANTÉ,NACIONAL / IMPORTADO,,7592454006186,,0,0
M-0642,,FISIOLIN SOL.NASAL 15 ML PEDIATRICO,16.053968253968254,3.4027062852836485,FRASCO X 15 ML,OFTALMI,NACIONAL / IMPORTADO,,7591196002198,,0,0
M-1607,,FLAGIMAX (METRONIDAZOL) 40 MG/ ML X 100 ML SUSP (EQ. METREN),10.915873015873016,2.313665327654306,FRASCO X 100 ML,BELFAR,NACIONAL / IMPORTADO,,7897917001557,,0,0
M-1534,,FLAVOL (TRIHIDROXIETILRUTINA) 300 MG X 20 CAPSULAS,18.200000000000003,3.8575667655786354,CAJA X 20 CAP,RONAVA,NACIONAL / IMPORTADO,,7592806131031,,0,0
M-1676,,FLAVOXATO 200 MG X 20 TAB,13.1,2.776600254345061,CAJA X 20 TAB,DAC,NACIONAL / IMPORTADO,,7598578000421,,0,0
M-1497,,FLAXOL (OMEGA 3 6 9) X 30 CAPSULAS BLANDAS,43.68,9.258160237388724,FRASCO X 30 TAB,LAB BEHRENS,NACIONAL / IMPORTADO,,7592637005327,,0,0
M-1608,,FLEXENEMA (FOSFATO DE SODIO MONOBASICO 160MG/ML + FOSFATO DE SODIO DIBASICO 60 MG/ ML) 130 ML,19.964285714285715,4.231514564282687,FRASCO X 130 ML,AIRELA,NACIONAL / IMPORTADO,,7894164005239,,0,0
M-1610,,FLORENT (SACHAROMYCES BOULARDII) 100 MG X 12 CAPS (EQ. PROLARDII),10.603125,2.2473770665536246,CAJA X 12 CAP,CIFARMA,NACIONAL / IMPORTADO,,7898158692221,,0,0
M-1609,,FLORENT (SACHAROMYCES BOULARDII) 200 MG X 6 CAPS (EQ. PROLARDII),10.603125,2.2473770665536246,CAJA X 6 CAP,CIFARMA,NACIONAL / IMPORTADO,,7898495608770,,0,0
L-0020,,FLUCONAZOL 150 MG CAPSULAS,8.676984126984127,1.8391233842696328,BLISTER X 10 CAP,LAND,NACIONAL / IMPORTADO,,7598008000397,,0,0
M-1432,,FLUCONAZOL 150 MG X 2 CAP,3.2603174603174603,0.6910380373712294,CAJA X 2 CAP,PHARLAB,NACIONAL / IMPORTADO,,7898216360406,,0,0
M-0618,,FLUDIL (FLUNARIZINA)  10 MG X 20 TAB (GALENO),24.36,5.163204747774481,CAJA X 20 TAB,GALENO,NACIONAL / IMPORTADO,,7592454345057,,0,0
M-1405,,FLUNARIZINA 10 MG X 10 TAB,6.95703125,1.4745721174226367,BLISTER X 10 TAB,JMW,NACIONAL / IMPORTADO,,8906089281175,,0,0
M-1406,,FOSFOMICINA 250 MG/5 ML X 60 ML POLVO PARA SUSPENSION ORAL,32.68571428571428,6.927875007569793,FRASCO X 60 ML,INMENOL,NACIONAL / IMPORTADO,,7468191033437,,0,0
M-0811,,FRIXONIL X 60 ML SOLUCION EN SPRAY ANALGESICO DE USO TÓPICO,15.600000000000001,3.306485799067402,FRASCO X 60 ML,LAB VINCENTI,NACIONAL / IMPORTADO,,7592782001830,,0,0
M-0523,,FUNGOMAX (FLUCONAZOL) 200 MG/100 ML,12.85,2.7236116998728273,FRASCO,LAB BEHRENS,NACIONAL / IMPORTADO,,,,0,0
M-1611,,FUNOK (ITRACONAZOL) 100 MG X 4 CAP (EQ. FUNGOSIN),10.358730158730157,2.1955765491161845,CAJA X 4 CAP,NOVA QUIMICA,NACIONAL / IMPORTADO,,7895296444163,,0,0
M-1547,,FUROSEMIDA (EDEMID) 10MG/ML X 2 ML SOL INY IM. IV ,7.68,1.6278083933870284,AMPOLLA,LAB BEHRENS,NACIONAL / IMPORTADO,,7592637396999,,0,0
M-1279,,FUROSEMIDA (NACUA) 40 MG X 12 TAB,10.4,2.2043238660449345,CAJA X 12 TAB,RONAVA,NACIONAL / IMPORTADO,,7592806133295,,0,0
M-0747,,FUROSEMIDA 40 MG TAB ,2.0015873015873016,0.42424487104436237,BLISTER X 10 TAB,BALAXI,NACIONAL / IMPORTADO,,7469106377387,,0,0
L-0011,,FUROSEMIDA 40 MG TABLETAS,2.4865079365079366,0.5270258449571718,BLISTER X 10 TAB,LAND,NACIONAL / IMPORTADO,,7598008000403,,0,0
M-1087,,GABAPENTINA 400 MG X 20 CAP,23.16,4.908859686307758,CAJA X 20 CAPSULAS,SPEFAR,NACIONAL / IMPORTADO,,7590027002109,,0,0
Q-174,,GASA ESTERIL PARA QUEMADOS (4.5 X 4.1 YDS),6.868363636363637,1.455778642722263,ROLLO,MC MEDICAL,MEDICO / QUIRURGICO,1,810028130050,,0,0
D-0070,,GEL ANTIBACTERIAL SANITIZANTE X 120 ML,4.973015873015873,1.0540516899143435,FRASCO,KENELI ACTIVE,NACIONAL / IMPORTADO,,759723000168,,0,0
M-1082,,GENTAMICINA x 5 ml SOL OFTALMICA,16.65,3.529037727850784,GOTAS,OFTALMI,NACIONAL / IMPORTADO,,7591196002136,,0,0
L-0029,,GLIBENCLAMIDA 5 MG TABLETAS,1.8055555555555556,0.3826951156328011,BLISTER X 10 TAB,LAND,NACIONAL / IMPORTADO,,7598008000410,,0,0
M-0017,,GLIBENCLAMIDA 5 MG TABLETAS,3.9722222222222228,0.8419292543921625,BLISTER X 10 TAB,ALFA,NACIONAL / IMPORTADO,,7468999181606,,0,0
M-1613,,GLIBENCLAMIDA 5 MG X 30 COMP,2.8742187500000003,0.6092027871979653,CAJA X 30 COMP,NEO QUIMICA,NACIONAL / IMPORTADO,,7896714217093,,0,0
M-1433,,GLIBENCLAMIDA 5 MG X 30 COMP,3.002380952380953,0.6363673065665436,CAJA X 30 COMP,GEOLAB,NACIONAL / IMPORTADO,,7899095249707,,0,0
M-1614,,"GLICEL ADULTO  2,5 G X 6  SUPOSITORIOS DE GLICERINA",11.9234375,2.5272228698601102,CAJA X 6,BRASTERAPICA,NACIONAL / IMPORTADO,,7898100242955,,0,0
M-1615,,"GLICEL PEDIATRICO  1,5 G X 6 SUPOSITORIOS DE GLICERINA",11.9234375,2.5272228698601102,CAJA X 6,BRASTERAPICA,NACIONAL / IMPORTADO,,7898100243808,,0,0
L-0036,,GLIMEPIRIDE 2 MG TABLETAS,2.4865079365079366,0.5270258449571718,BLISTER X 10 TAB,LAND,NACIONAL / IMPORTADO,,7598008000427,,0,0
M-0602,,GLIMEPIRIDE 2 MG X 16 TAB (ÉLTER),12.44,2.6367104705383637,CAJA X 16 TAB,LA SANTÉ,NACIONAL / IMPORTADO,,7703763165056,,0,0
M-0603,,GLIMEPIRIDE 4 MG X 16 TAB (ÉLTER),16.6,3.5184400169563377,CAJA X 16 TAB,LA SANTÉ,NACIONAL / IMPORTADO,,7703763165063,,0,0
M-1168,,GLIPTIN-M (SITAGLIPINA + METFORMINA) 50 MG - 500 MG X 10 TAB,18.71587301587302,3.966908227188007,BLISTER X 10 TAB,ZUOZ PHARMA,NACIONAL / IMPORTADO,,759651957551,,0,0
M-1101,,GLUCONATO DE CALCIO AL 10% / 10ML AMPOLLA,5.437301587301587,1.1524590053627781,AMPOLLA,BIOSANO,NACIONAL / IMPORTADO,,7800061240509,,0,0
M-0860,,GLUCONATO DE CALCIO AL 10% X 100 ML SOLUCION,18.6,3.9423484527342096,FRASCO X 100 ML,LAB BEHRENS,NACIONAL / IMPORTADO,,7592637000988,,0,0
M-0665,,GLUSTAR 20 MG X 14 TABLETAS RECUBIERTAS (09/2022),15.16,3.2132259431962695,CAJA X 14 TAB,GALENO,NACIONAL / IMPORTADO,,7703763200627,,0,0
Q-170,,GUANTES DE EXAMEN DE LATEX T- L CAJA X 100,89.15781818181817,18.89737562141123,CAJA X 100,MC MEDICAL,MEDICO / QUIRURGICO,100,7595059001007,,0,0
Q-169,,GUANTES DE EXAMEN DE LATEX T- M CAJA X 100,89.15781818181817,18.89737562141123,CAJA X 100,MC MEDICAL,MEDICO / QUIRURGICO,100,7595059000994,,0,0
Q-168,,GUANTES DE EXAMEN DE LATEX T- S CAJA X 100,89.15781818181817,18.89737562141123,CAJA X 100,MC MEDICAL,MEDICO / QUIRURGICO,100,7595059000987,,0,0
Q-173,,GUANTES DE EXAMEN DE NITRILO T- L CAJA X 100,101.8996363636364,21.598057728621537,CAJA X 100,MC MEDICAL,MEDICO / QUIRURGICO,100,7595059001090,,0,0
Q-172,,GUANTES DE EXAMEN DE NITRILO T- M CAJA X 100,101.8996363636364,21.598057728621537,CAJA X 100,MC MEDICAL,MEDICO / QUIRURGICO,100,7595059001083,,0,0
Q-171,,GUANTES DE EXAMEN DE NITRILO T- S CAJA X 100,101.8996363636364,21.598057728621537,CAJA X 100,MC MEDICAL,MEDICO / QUIRURGICO,100,7595059001076,,0,0
M-1089,,GYNO-BIO (METRONIDAZOL 500 MG + MICONAZOL NITRATO 100 MG) X 14 COMPRIMIDOS,8.11484375,1.7199753603221706,CAJA X 14 COMP,BIOVENEZUELA,NACIONAL / IMPORTADO,,18904030979338,,0,0
M-1474,,HALOPERIDOL 5 MG X 10 TAB,5.148412698412699,1.09122778686153,BLISTER X 10 TAB,JMW,NACIONAL / IMPORTADO,,8906089281182,,0,0
M-0673,,HEDRALIV JARABE X 120 ML,19.5,4.133107248834252,FRASCO X 120 ML,LA SANTÉ,NACIONAL / IMPORTADO,,7592454002301,,0,0
M-1688,,HIDRALI X 500 ML SOLUCION HIDRATANTE SABOR GUARANA (EQ REHIDROSOL),12.48203125,2.6456191712590083,FRASCO X 500 ML,AIRELA,NACIONAL / IMPORTADO,,789416400413,,0,0
M-1619,,HIDRALI X 500 ML SOLUCION HIDRATANTE SABOR NARANJA (EQ REHIDROSOL),12.48203125,2.6456191712590083,FRASCO X 500 ML,AIRELA,NACIONAL / IMPORTADO,,7894164005420,,0,0
M-1620,,HIDRALI X 500 ML SOLUCION HIDRATANTE SABOR TUTTI FRUTI (EQ REHIDROSOL),12.48203125,2.6456191712590083,FRASCO X 500 ML,AIRELA,NACIONAL / IMPORTADO,,7894164005437,,0,0
M-1669,,HIDROCLOROTIAZIDA 50 MG X 10 TAB,2.9250000000000003,0.6199660873251378,BLISTER X 10 TAB,UNILINK,NACIONAL / IMPORTADO,,18906047595037,,0,0
M-1207,,HIDROCORTISONA (WELLSONA) 100 MG POLVO PARA INYECCION I.M/I.V,9.564285714285715,2.027190698237752,VIAL,WELLONA PHARMA,NACIONAL / IMPORTADO,,8904307702280,,0,0
M-1487,,HIDROCORTISONA 1 % CREMA X 15 G,6.871428571428572,1.4564282686368317,TUBO X 15 G,BALAXI,NACIONAL / IMPORTADO,,18906101701473,,0,0
L-0085,,HIDROCORTISONA 500 MG PVO P/ INYECCION,18.602380952380955,3.9428531056339455,AMPOLLA,LAND,NACIONAL / IMPORTADO,,7598008000885,,0,0
L-0098,,HIERRO SACARATO 20 MG/ML INYECCION,10.79609375,2.28827760703688,AMPOLLA,LAND,NACIONAL / IMPORTADO,,7598008000892,,0,0
L-0024,,HIOSCINA BUTILBROMURO 10 MG TABLETAS (EQ. BUSCAPINA),5.5817460317460315,1.1830746146134021,BLISTER X 10 TAB,LAND,NACIONAL / IMPORTADO,,7598008000441,,0,0
M-1449,,"HISTALER (DESLORATADINA) 0,5 MG/ML X 60 ML JARABE PEDIATRICO",12.407200000000001,2.629758372191607,FRASCO X 60 ML,VALMORCA,NACIONAL / IMPORTADO,,7591020008112,,0,0
M-0145,,IBUCAF (IBUPROFENO + CAFEINA) 200MG-3MG X 20 TAB,13,2.755404832556168,CAJA X 20 TAB,CALOX ,NACIONAL / IMPORTADO,,7591519006162,,0,0
M-1364,,IBUCOLVAL (IBUPROFENO 600 MG + TIOCOLCHICOSIDO 4 MG) X 20 TABLETAS RECUBIERTAS,40.69520000000001,8.62551928783383,CAJA X 20 TAB,VALMORCA,NACIONAL / IMPORTADO,,7591020008648,,0,0
M-1429,,IBUPROFENO (BUPROVIL) 600 MG                                                           X 20 COMPRIMIDOS REVESTIDOS,8.17142857142857,1.7319687518924483,CAJA X 20 COMP,MULTILAB,NACIONAL / IMPORTADO,,7896472513307,,0,0
M-1276,,IBUPROFENO (IBUFENAC) 400 MG X 20 CAP,11.856000000000002,2.5129292072912253,CAJA X 20 CAP,RONAVA,NACIONAL / IMPORTADO,,7592806131048,,0,0
M-1677,,IBUPROFENO + TIOCOLCHICOSIDO 600 MG X 10 TAB,13.1,2.776600254345061,CAJA X 10 TAB,DAC,NACIONAL / IMPORTADO,,7598578000247,,0,0
M-1277,,IBUPROFENO 400 MG + TIOCOLCHICOSIDO 4 MG (IBUTIL) X 20 COMP,33.072,7.0097498940228915,CAJA X 20 COMP,RONAVA,NACIONAL / IMPORTADO,,7592806134162,,0,0
M-1335,,IBUPROFENO 400 MG X 10 TABLETAS RECUBIERTAS ENTERICAS,6.4,1.3565069944891903,CAJA X 10 TAB,PLUSANDEX,NACIONAL / IMPORTADO,,7594001101123,,0,0
M-1326,,IBUPROFENO 400 MG X 20 GRAGEAS,10.58,2.2424756252649427,CAJA X 20 GRAGEAS,SPEFAR,NACIONAL / IMPORTADO,,7590027000631,,0,0
M-1498,,IBUPROFENO 400 MG X 20 TABLETAS RECUBIERTAS,6.16,1.3056379821958457,CAJA X 20 TAB,LABORATORIO QUIM-FAR,NACIONAL / IMPORTADO,,7592236002178,,0,0
M-1670,,IBUPROFENO 600 MG X 10 TAB,3.03671875,0.6436453476049173,BLISTER X 10 TAB,JMW,NACIONAL / IMPORTADO,,18906047593156,,0,0
L-0051,,IBUPROFENO 800 MG TABLETAS,5.746825396825398,1.2180638823284013,BLISTER X 10 TAB,LAND,NACIONAL / IMPORTADO,,7598008000458,,0,0
M-1387,,INFLAPRED (PREDNISOLONA ACETATO) 10MG/ML X 5 ML SUSPENSION OFTALMICA (09/2022),15.837301587301587,3.3567828714077126,GOTAS X 5 ML,LA SANTÉ,NACIONAL / IMPORTADO,,7703763093168,,0,0
M-0610,,IRBESARTAN 150 MG X 10 TAB (PHARMETIQUE LABS),15.21,3.2238236540907166,CAJA X 10 TAB,LA SANTÉ,NACIONAL / IMPORTADO,,7592454002547,,0,0
M-0856,,ITISONA X 30 GR CREMA (10/2022),13.65,2.8931750741839766,TUBO X 30 GR,GALENO,NACIONAL / IMPORTADO,,7592454001182,,0,0
M-1227,,IVERMECTINA 6 MG X 4 TAB,6.895200000000001,1.4614667231877916,CAJA X 4 TAB,VALMORCA,NACIONAL / IMPORTADO,,7591020009041,,0,0
M-0151,,JARABE DE ACHICORIA 120 ML ,10.36,2.1958456973293767,FRASCO ,FARMAGENIK,NACIONAL / IMPORTADO,,25525755,,0,0
M-0152,,JARABE DE BERRO 120ML,10.36,2.1958456973293767,FRASCO ,FARMAGENIK,NACIONAL / IMPORTADO,,25525748,,0,0
M-0153,,JARABE DE LAMEDOR 120ML,10.73,2.2742687579482834,FRASCO ,FARMAGENIK,NACIONAL / IMPORTADO,,25525762,,0,0
M-0150,,JARABE DE SEN (SENOLAX) 120ML,11.54,2.445951674438321,FRASCO ,FARMAGENIK,NACIONAL / IMPORTADO,,1100198,,0,0
M-0163,,JARABE DE VALERIANA 120ML,17.773600000000002,3.767189487070793,FRASCO,FC PHARMA,NACIONAL / IMPORTADO,,7593090000997,,0,0
M-0158,,JARABE DE ZABILA CON MIEL 120ML (ADULTOS),18.876,4.000847816871556,FRASCO,FC PHARMA,NACIONAL / IMPORTADO,,759309000973,,0,0
M-0453,,JARABE DE ZABILA CON MIEL 120ML (PEDIATRICO),18.095999999999997,3.835523526918185,FRASCO,FC PHARMA,NACIONAL / IMPORTADO,,7593090000980,,0,0
M-0826,,JARABE PASSIFLORA 120 ML,17.0664,3.6172954641797377,FRASCO,FC PHARMA,NACIONAL / IMPORTADO,,7593090002205,,0,0
M-0149,,JARABE PASSIFLORA PLUS 180ML,12.42,2.632471386180585,FRASCO ,FARMAGENIK ,NACIONAL / IMPORTADO,,1100181,,0,0
Q-175,,JERINGA 10 CC  21G X 1 1/2 C/R,0.5672727272727269,0.12023584723881453,UND,MC MEDICAL,MEDICO / QUIRURGICO,100,7595059000754,,0,0
Q-177,,JERINGA DE INSULINA  1 CC 29G X 1/2,0.48,0.10173802458668928,UND,MC MEDICAL,MEDICO / QUIRURGICO,100,810028130296,,0,0
M-1679,,KETODAC (KETOPROFENO) 100 MG X 10 CAPSULAS BLANDAS,7.48515625,1.5865104387452311,CAJA X 10 CAP,DAC,NACIONAL / IMPORTADO,,7598578000353,,0,0
M-0771,,KETOPROFENO 100MG X 20 TAB RECUBIERTAS,11.38015873015873,2.4120726431027406,CAJA X 20 TAB,PLUSANDEX,NACIONAL / IMPORTADO,,7594001101185,,0,0
Q-183,,KIT DE NEBULIZACION PEDIATRICO,4.730181818181816,1.002581987745192,UND,MC MEDICAL,MEDICO / QUIRURGICO,1,810028130449,,0,0
M-0293,,LABICIS (ACICLOVIR) 50MG CREMA,13.722222222222223,2.9084828788092887,TUBO,BOOZ,NACIONAL / IMPORTADO,,7597072000234,,0,0
M-1066,,LACRIFORT SOLUCION OFTALMICA X 10 ML,16.642063492063492,3.5273555515183324,FRASCO X 10 ML,OFTALMI,NACIONAL / IMPORTADO,,7591196007179,,0,0
M-0018,,LACTOVAC (LACTOBACILLUS ACIDOPHILUS) ADULTO X 12 ML (08/2022),11.18,2.3696481559983043,FRASCO X 12 ML,PROBIOTIC,NACIONAL / IMPORTADO,,7596855000027,,0,0
M-1689,,"LACTULAXY (LACTULOSA) 66,7 MG/ML X 120 ML SUSP SABORN CIRUELA (EQ. MODERAN)",15.5390625,3.2935698389147943,FRASCO X 120 ML,AIRELA,NACIONAL / IMPORTADO,,7894164005925,,0,0
M-1391,,LAGRIOFTOL 3% (HIDROXIPROPIL METILCELULOSA) X 5 ML SOLUCION OFTALMICA (LAGRIMAS ARTIFICIALES) ,18.643650793650792,3.9516004225626946,GOTAS X 15 ML,LA SANTÉ,NACIONAL / IMPORTADO,,7703763081134,,0,0
L-0083,,"LANDGRA (SILDENAFILO)  100 MG GEL ORAL SABOR ""BANANA""       (EQ. KAMAGRA)",3.7452380952380953,0.7938190112840389,SOBRE,LAND,NACIONAL / IMPORTADO,,7598008001066,,0,0
L-0078,,"LANDGRA (SILDENAFILO)  100 MG GEL ORAL SABOR ""CARAMELO""   (EQ. KAMAGRA)",3.7452380952380953,0.7938190112840389,SOBRE,LAND,NACIONAL / IMPORTADO,,7598008001080,,0,0
L-0079,,"LANDGRA (SILDENAFILO)  100 MG GEL ORAL SABOR ""FRAMBUESA""  (EQ. KAMAGRA)",3.7452380952380953,0.7938190112840389,SOBRE,LAND,NACIONAL / IMPORTADO,,7598008001110,,0,0
L-0084,,"LANDGRA (SILDENAFILO)  100 MG GEL ORAL SABOR ""FRESA""           (EQ. KAMAGRA)",3.7452380952380953,0.7938190112840389,SOBRE,LAND,NACIONAL / IMPORTADO,,7598008001127,,0,0
L-0080,,"LANDGRA (SILDENAFILO)  100 MG GEL ORAL SABOR ""MANGO""          (EQ. KAMAGRA)",3.7452380952380953,0.7938190112840389,SOBRE,LAND,NACIONAL / IMPORTADO,,7598008001097,,0,0
L-0081,,"LANDGRA (SILDENAFILO)  100 MG GEL ORAL SABOR ""NARANJA""      (EQ. KAMAGRA)",3.7452380952380953,0.7938190112840389,SOBRE,LAND,NACIONAL / IMPORTADO,,7598008001103,,0,0
L-0082,,"LANDGRA (SILDENAFILO)  100 MG GEL ORAL SABOR ""PIÑA""              (EQ. KAMAGRA)",3.7452380952380953,0.7938190112840389,SOBRE,LAND,NACIONAL / IMPORTADO,,7598008001073,,0,0
L-0077,,"LANDGRA (SILDENAFILO) 100 MG GEL ORAL ""SIETE SABORES""         (EQ. KAMAGRA)",24.63809523809524,5.2221482064635945,CAJA X 7 SOBRES,LAND,NACIONAL / IMPORTADO,,7598008001042,,0,0
L-0076,,LANDGRA (SILDENAFILO) 100 MG TABLETAS X 4 (EQ. VIAGRA),4.374603174603175,0.9272155944474725,TABLETAS X 4,LAND,NACIONAL / IMPORTADO,,7598008001059,,0,0
M-1265,,LANOLZINC (OXIDO DE ZINC AL 15% + ACEITE DE HIGADO DE BACALAO AL 11%) X 60 GR,14.331199999999999,3.037558287409919,TUBO X 60 GR,VALMORCA,NACIONAL / IMPORTADO,,7591020001328,,0,0
M-0178,,LANSOPRAZOL 30 MG X 28 CAP,22.75,4.821958456973293,CAJA X 28 CAP,CALOX ,NACIONAL / IMPORTADO,,7591519001624,,0,0
M-1461,,"LATACOF DUO (LATANOPROST 0,005% + TIMOLOL 0,5%) X 2,5 ML SOLUCION OFTALMICA",43.430400000000006,9.205256464603647,GOTAS,COFASA,NACIONAL / IMPORTADO,,7591818716809,,0,0
L-0068,,LATANOPROST 0.005% m/v GOTAS OFTALMICAS X 3 ML (CADENA DE FRIO),17.519047619047623,3.713236036254265,FRASCO X 3 ML,LAND,NACIONAL / IMPORTADO,,7598008000908,,0,0
M-1623,,LEFLORA (LACTOBACILUS ACIDOPHILUS) X 12 CAP,17.661718750000002,3.743475784230607,CAJA X 12 CAP,AIRELA,NACIONAL / IMPORTADO,,7894164008216,,0,0
M-0755,,LEPRIT (LEVOSULPIRIDE)  ENZIMATICO X 6 GRAGEAS .ÉLTER ,32.97,6.98813056379822,CAJA X 6 GRAGEAS,LA SANTÉ,NACIONAL / IMPORTADO,,7703763208920,,0,0
M-1077,,LETALOP (QUETIAPINA) 100 MG X 30 COMP,73.76720000000002,15.635269181856723,CAJA X 30 COMP,SNC PHARMA,NACIONAL / IMPORTADO,,7595638004218,,0,0
M-1078,,LETALOP (QUETIAPINA) 25 MG X 30 COMP,40.55,8.594743535396354,CAJA X 30 COMP,SNC PHARMA,NACIONAL / IMPORTADO,,7595368004195,,0,0
M-0916,,LEVOFLOXACINA 750 MG X 10 TAB,19.892063492063492,4.216206759657374,BLISTER X 10 TAB,BALAXI,NACIONAL / IMPORTADO,,18906101702067,,0,0
M-1516,,LEVOFLOXACINO 500 MG/ 100 ML SOL PARA INF IV,34.68730158730158,7.352119878614155,FRASCO X 100 ML,KODO PHARMA,NACIONAL / IMPORTADO,,,,0,0
M-1430,,"LEVONORGESTREL (DIA-D)                                                                                                                                           PASTILLA DE EMERGENCIA 1,5 MG  X 1 COMP",3.611111111111111,0.7653902312656022,CAJA X 1 COMP,CIMED,NACIONAL / IMPORTADO,,7896523216812,,0,0
M-1438,,"LEVONORGESTREL (POSLOV)                                                                                                                                       PASTILLA DE EMERGENCIA 1,5 X 1 COMP (11/2022)",1.0523809523809526,0.2230565816831184,CAJA X 1 COMP,MABRA,NACIONAL / IMPORTADO,,7898505095545,,0,0
L-0050,,"LEVONORGESTREL + ETINILESTRADIOL (0,15 MG + 0,03 MG) TABLETAS",9.368253968253969,1.985640942826191,CAJA X 21 COMP,LAND,NACIONAL / IMPORTADO,,7598008000465,,0,0
L-0055,,"LEVONORGESTREL 1,5 MG TABLETAS (PASTILLA DE EMERGENCIA)",5.9222222222222225,1.2552399792755877,CAJA X 1 TAB,LAND,NACIONAL / IMPORTADO,,7598008000472,,0,0
M-1248,,LEVOSULPIRIDE 25 MG X 30 TABLETAS,16.6,3.5184400169563377,CAJA X 30 TAB,LA SANTÉ,NACIONAL / IMPORTADO,,7592454889995,,0,0
M-1142,,LEVOTEC (LEVOFLOXACINA) 500 MG 5MG/ML x 100ML SOLUCION P/ INFUSIÓN INTRAVENOSA,21.4,4.53582026282323,FRASCO X 100 ML,LAB BEHRENS,NACIONAL / IMPORTADO,,7692637000113,,0,0
M-1298,,LEVOTIROXINA 100 MCG X 10 TAB,4.250793650793651,0.9009736436612231,BLISTER X 10 TAB,JMW,NACIONAL / IMPORTADO,,8906089281205,,0,0
M-1120,,LEVOTIROXINA 100 MCG X 30 TAB,9.98359375,2.11606480500212,CAJA X 30 TAB,DAC,NACIONAL / IMPORTADO,,8906121690071,,0,0
L-0016,,LEVOTIROXINA SODICA 100 MCG TABLETAS,3.611111111111111,0.7653902312656022,BLISTER X 10 TAB,LAND,NACIONAL / IMPORTADO,,7598008000489,,0,0
L-0052,,LEVOTIROXINA SODICA 25 MCG TABLETAS,2.992063492063492,0.6341804773343561,BLISTER X 10 TAB,LAND,NACIONAL / IMPORTADO,,7598008000502,,0,0
L-0017,,LEVOTIROXINA SODICA 50 MCG TABLETAS,3.291269841269841,0.6975985250677916,BLISTER X 10 TAB,LAND,NACIONAL / IMPORTADO,,7598008000496,,0,0
M-0039,,LIBERFOR (COMPLEJO B) (10/2022),5.16,1.0936837643069097,GOTAS ORALES,LABORATORIO QUIM-FAR,NACIONAL / IMPORTADO,,7592236002093,,0,0
M-1684,,LIDOCAINA 2% INYECCION I.M - S.C X 50 ML,7.48515625,1.5865104387452311,FRASCO X 50 ML,JMW,NACIONAL / IMPORTADO,,203571228280,,0,0
M-0367,,LIMOLAX (LIMONADA PURGANTE) x 250 ML,12.36,2.6197541331072487,FRASCO 250 ML,FARMAGENIK,NACIONAL / IMPORTADO,,915,,0,0
M-0527,,LINEZID 600 MG/300 ML INF,71.45,15.144128868164477,FRASCO,LAB BEHRENS,NACIONAL / IMPORTADO,,7592637396876,,0,0
M-1625,,"LINOFEME (LEVONORGESTREL 0,15 MG + ETINILESTRADIOL 0,03 MG) X 21 COMP",4.1234375,0.8739799703264094,CAJA X 21 COMP,CIFARMA,NACIONAL / IMPORTADO,,7908020502586,,0,0
Q-151,,LLAVE DE 3 VIAS ,1.4399999999999995,0.3052140737600677,UND,MC MEDICAL,MEDICO / QUIRURGICO,1,810028130135,,0,0
D-0125,,LOCION LIMPIADORA 110 ML,8.36,1.7719372615515048,FRASCO,FARMAGENIK,NACIONAL / IMPORTADO,,112244006691,,0,0
D-0057,,LOCION MC (ANTIACNÉ) X 110 ML,13.04,2.7638830012717253,FRASCO,FARMAGENIK,NACIONAL / IMPORTADO,,112244006660,,0,0
D-0126,,LOCION TRICOPEL 140 ML,17.6,3.730394234845274,FRASCO,FARMAGENIK,NACIONAL / IMPORTADO,,112255000831,,0,0
L-0025,,LOPERAMIDA 2 MG TABLETAS,1.753968253968254,0.37176096947186393,BLISTER X 10 TAB,LAND,NACIONAL / IMPORTADO,,7598008000519,,0,0
M-1388,,LORACERT (LORATADINA 5 MG + PSEUDOEFEDRINA SULFATO 60MG/5ML) X 60 ML  SABOR A CEREZA,8.19,1.7359050445103856,FRASCO X 60 ML,GALENO,NACIONAL / IMPORTADO,,7592454153294,,0,0
M-0844,,LORADEX (LORATADINA) 10MG X 10 TAB,4.157936507936509,0.8812921805715365,CAJA X 10 TAB,PLUSANDEX,NACIONAL / IMPORTADO,,7594001101383,,0,0
M-1334,,LORADEX (LORATADINA) 1MG/ML X 30 ML JARABE,5.148000000000001,1.0911403136922426,FRASCO X 30 ML,PLUSANDEX,NACIONAL / IMPORTADO,,7594001101635,,0,0
M-1690,,LORASLIV (LORATADINA) 10 MG X 12 COMP,3.74765625,0.7943315493853328,CAJA X 12 COMP,VITAMEDIC,NACIONAL / IMPORTADO,,7898049790180,,0,0
M-1531,,LORATADINA 10 MG DISPENSADOR X 25 BLISTER X 5 TAB (MEDIGEN),62.576800000000006,13.263416701992371,CAJA X 25 BLISTER ,OFTALMI,NACIONAL / IMPORTADO,,7591196006219,,0,0
M-0493,,LORATADINA 10 MG TAB X10,5.044,1.069097075031793,CAJA X 10 TAB,OFTALMI,NACIONAL / IMPORTADO,,7591196002990,,0,0
L-0032,,LORATADINA 10 MG TABLETAS,2.723809523809524,0.5773229172974829,BLISTER X 10 TAB,LAND,NACIONAL / IMPORTADO,,7598008000526,,0,0
M-0681,,LORATADINA 10 MG X 20 TAB (ELTER),9.894444444444446,2.09716923366775,CAJA X 10 TAB,LA SANTÉ,NACIONAL / IMPORTADO,,7592454889605,,0,0
M-1164,,LOSAPRES PLUS (LOSARTAN + HIDROCLOROTIAZIDA) 50 MG / 12.5 MG X 28 TAB,18.270000000000003,3.872403560830861,CAJA  X 28 TAB,POLINAC,NACIONAL / IMPORTADO,,8699525093363,,0,0
M-1088,,LOSARTAN + HIDROCLOROTIAZIDA 100 /25 MG X 30 TAB RECUBIERTAS (ÉLTER) (11/2022),29.04,6.155150487494701,CAJA X 30 TAB,LA SANTÉ,NACIONAL / IMPORTADO,,7592454889728,,0,0
M-0605,,"LOSARTAN + HIDROCLOROTIAZIDA 50/12,5 MG X 15 TAB (ÉLTER)",12.700793650793653,2.6919867848227326,CAJA X 15 TAB,LA SANTÉ,NACIONAL / IMPORTADO,,7703763190270,,0,0
M-0799,,LOSARTAN POTASICO  50 MG X 14 COMPRIMIDOS RECUBIERTOS,8.2,1.738024586689275,CAJA X 14 COMP,SPEFAR,NACIONAL / IMPORTADO,,7590027002499,,0,0
L-0099,,LOSARTAN POTASICO 100 MG TABLETAS,3.683333333333333,0.7806980358909142,BLISTER X 10 TAB,LAND,NACIONAL / IMPORTADO,,7598008000724,,0,0
M-0612,,LOSARTAN POTASICO 100 MG X 10 TAB REC (ÉLTER),11.06,2.3442136498516324,CAJA X 1 TAB,LA SANTÉ,NACIONAL / IMPORTADO,,7592454891165,,0,0
M-0756,,LOSARTAN POTASICO 50 MG X 14 TAB. ÉLTER,9.894444444444446,2.09716923366775,CAJA X 14 TAB,LA SANTÉ,NACIONAL / IMPORTADO,,7703763190034,,0,0
M-1626,,LOSARTAN POTASICO 50 MG X 30 COMP ,4.2453125,0.8998118906316236,CAJA X 30 COMP,TEUTO,NACIONAL / IMPORTADO,,7896112114185,,0,0
M-1628,,LUFTY GEL (SIMETICONA) 125 MG DISPENSADOR X 25 BLISTER X 3 CAP BLANDAS (EQ. EVIGAX),48.171093750000004,10.210066500635863,CAJA X 25 BLISTER ,AIRELA,NACIONAL / IMPORTADO,,7894164006083,,0,0
M-0219,,MADECASSOL UNG. AL 1% x 10 G,21.684,4.596015260703688,TUBO,POLINAC,NACIONAL / IMPORTADO,,7592348413824,,0,0
M-1629,,MAGMILK X 100 ML SUSP (EQ. MAALOX),6.8046875,1.4422822170411191,FRASCO X 100 ML,AIRELA,NACIONAL / IMPORTADO,,7894164005727,,0,0
M-1630,,MAGMILK X 100 ML SUSP SABOR MENTA (EQ. MAALOX),6.3070312500000005,1.3368018757948283,FRASCO X 100 ML,AIRELA,NACIONAL / IMPORTADO,,7894164005734,,0,0
M-1480,,"MARADEX (DEXAMETASONA) 0,1% X 15 ML SUSPENSION OFTALMICA",17.509999999999994,3.711318355235268,GOTAS,OFTALMI,NACIONAL / IMPORTADO,,7591196000323,,0,0
Q-181,,MASCARA DE OXIGENO PEDIATRICO,3.936,0.834251801610852,UND,MC MEDICAL,MEDICO / QUIRURGICO,1,810028130422,,0,0
D-0132,,MASCARILLA DESECHABLE  PARA NIÑOS KF94,8.734375,1.8512876218736753,PAQUETE X 10 UNIDADES ,,NACIONAL / IMPORTADO,,,,0,0
D-0130,,MASCARILLA DESECHABLE AZUL 3 CAPAS,14.848437500000001,3.1471889571852483,CAJA X 50 UNIDADES,,NACIONAL / IMPORTADO,,,,0,0
D-0133,,MASCARILLA DESECHABLE INFANTIL MIXTAS X 50 UNIDADES,21.852380952380955,4.631704313772987,CAJA X 50 UNIDADES,PURE MEDICAL,NACIONAL / IMPORTADO,,2000104024375,,0,0
D-0131,,MASCARILLA DESECHABLE NEGRA 3 CAPAS TERMOSELLADO,21.8359375,4.628219054684188,CAJA X 50 UNIDADES,KLASITEX,NACIONAL / IMPORTADO,,,,0,0
D-0127,,MASCARILLA KN95,31.21031746031746,6.61515842736699,CAJA X 20 ,KN95,NACIONAL / IMPORTADO,,,,0,0
M-1300,,MEBENDAZOL 100 MG/ 5 ML X 30 ML ,7.850781250000001,1.6640061996608735,FRASCO X 30 ML,BALAXI,NACIONAL / IMPORTADO,,18906101701565,,0,0
M-0606,,MELOXICAM  15 MG X 10 TAB (ÉLTER),14.94,3.1665960152607036,CAJA X 10 TAB,LA SANTÉ,NACIONAL / IMPORTADO,,7592454162050,,0,0
M-1071,,"MELOXICAM  7,5 MG X 10 TAB (ÉLTER)",12.700793650793653,2.6919867848227326,CAJA X 10 TAB,LA SANTÉ,NACIONAL / IMPORTADO,,7592544162005,,0,0
M-1631,,"MELOXICAM 7,5 MG X 10 COMP",4.85952380952381,1.0299965683602819,CAJA X 10 COMP,PHARLAB ,NACIONAL / IMPORTADO,,7898216366552,,0,0
M-1546,,MEMANTINA 20 MG X 10 TAB,6.946875,1.4724194573972023,BLISTER X 10 TAB,JMW,NACIONAL / IMPORTADO,,18906047594382,,0,0
M-1322,,MEROPENEM (MEROCON) 1 G POLVO PARA INY I.V (SAFECON LIFESCIENCES),41.18730158730159,8.72982229489224,FRASCO,DAC,NACIONAL / IMPORTADO,,7598578000339,,0,0
M-1489,,MEROPENEM (OPIPENEM) 1 G POLVO PARA INYECCION + AGUA ESTERIL PARA INYECCION X 10 ML ,60.8936507936508,12.906666128370242,AMPOLLA,OPI GROUP,NACIONAL / IMPORTADO,,,,0,0
L-0033,,METFORMINA 500 MG TABLETAS,2.4349206349206347,0.5160916987962346,BLISTER X 10 TAB,LAND,NACIONAL / IMPORTADO,,7598008000540,,0,0
M-1259,,METFORMINA 500 MG X 30 TABLETAS,8.917187499999999,1.890035502331496,CAJA X 30 TAB,DAC,NACIONAL / IMPORTADO,,7598578000155,,0,0
M-1632,,METFORMINA 850 MG X 30 COMP,10.853968253968253,2.300544352261181,CAJA X 30 COMP,TEUTO,NACIONAL / IMPORTADO,,7896112126485,,0,0
M-1436,,METFORMINA CLORHIDRATO 500 MG X 30 COMP,5.9944444444444445,1.2705477839008996,CAJA X 30 COMP,TEUTO,NACIONAL / IMPORTADO,,7896112126478,,0,0
M-0501 ,,METFORMINA CLORHIDRATO 850 MG X 28 TAB,11.055200000000003,2.3431962696057655,CAJA X 28 TAB,CALOX ,NACIONAL / IMPORTADO,,7591519003734,,0,0
M-0829,,METILCANFOR (SALICILATO DE METILO) FRICCION X 120 ML,10.4,2.2043238660449345,FRASCO X 120 ML,LABORATORIO QUIM-FAR,NACIONAL / IMPORTADO,,7592236002291,,0,0
L-0012,,METOCLOPRAMIDA 10 MG TABLETAS,2.465873015873016,0.522652186492797,BLISTER X 10 TAB,LAND,NACIONAL / IMPORTADO,,7598008000557,,0,0
L-0073,,"METOTREXATO 2,5 MG TABLETAS",4.962698412698413,1.0518648606821561,TABLETAS X 10,LAND,NACIONAL / IMPORTADO,,7598008000922,,0,0
L-0072,,METOTREXATO 50 MG/ 2 ML SOL/ INYECCION ,16.858730158730157,3.5732789653942683,AMPOLLA,LAND,NACIONAL / IMPORTADO,,7598008000915,,0,0
M-1435,,METRONIDAZOL (HELMIZOL) 250 MG X 20 COMP,7.965079365079365,1.6882321672486997,CAJA X 20 COMP,TEUTO,NACIONAL / IMPORTADO,,7896112140528,,0,0
M-1437,,METRONIDAZOL 250 MG X 20 COMP,7.965079365079365,1.6882321672486997,CAJA X 20 COMP,TEUTO,NACIONAL / IMPORTADO,,7896112102519,,0,0
L-0034,,METRONIDAZOL 500 MG TABLETAS,3.683333333333333,0.7806980358909142,BLISTER X 10 TAB,LAND,NACIONAL / IMPORTADO,,7598008000564,,0,0
M-1327,,METRONIDAZOL 500 MG X 10 COMPRIMIDOS,10.81,2.291225095379398,CAJA X 10 COMP,SPEFAR,NACIONAL / IMPORTADO,,7590027002147,,0,0
L-0075,,METRONIDAZOL 500 MG X 10 TABLETAS VAGINALES + APLICADOR,11.483333333333334,2.4339409354246153,TABLETAS X 10,LAND,NACIONAL / IMPORTADO,,7598008000939,,0,0
M-1683,,METRONIDAZOL INFUSION IV 500 MG/100 ML,3.5648437499999996,0.7555836689275116,FRASCO X 100 ML,JMW,NACIONAL / IMPORTADO,,203571228341,,0,0
M-1458,,METSIGLIN (METFORMINA 500 MG + SITAGLIPINA 50 MG) X 10 COMP,19.759999999999994,4.188215345485374,CAJA X 10 COMP,RONAVA,NACIONAL / IMPORTADO,,7592806134131,,0,0
M-0885,,MEZHITIN (MEMANTINA) 10MG X 50 COMP,58.05,12.303942348452734,CAJA X 50 COMP,SNC PHARMA ,NACIONAL / IMPORTADO,,7595368000050,,0,0
M-1356,,MICODERM X 50 G POMADA ANTIMICOTICA A BASE DE AZUFRE ,13.474603174603176,2.85599897723679,TARRO X 50 G,CHEMYCALS SOMA,NACIONAL / IMPORTADO,,7596139004185,,0,0
M-0294,,"MICOSMER METRONIDAZOL 2,5G FLUCONAZOL 2% CREMA (07/2022)",11.235714285714288,2.381457033852117,TUBO,BOOZ,NACIONAL / IMPORTADO,,7597072000241,,0,0
M-0355,,MIOVIT COMPOSITUM SOL INYECT. KIT X 1 AMP,10.79,2.2869860110216194,CAJA X 1 AMP,COFASA,NACIONAL / IMPORTADO,,7591818113011,,0,0
M-1698,,"MIPAX (PRAMIPEXOL) 0,25 MG X 30 COMPRIMIDOS RANURADOS",38.12,8.07969478592624,CAJA X 30 COMP,SNC PHARMA,NACIONAL / IMPORTADO,,724373531069,,0,0
M-1116,,MIPAX (PRAMIPEXOL) 1 MG X 30 COMP,39.81120000000001,8.438151759220009,CAJA X 30 COMP,SNC PHARMA,NACIONAL / IMPORTADO,,7597767000822,,0,0
M-1450,,MIRTAZAVAL (MIRTAZAPINA) 30 MG X 30 TABLETAS RECUBIERTAS,27.674400000000002,5.865705807545571,CAJA X 30 TAB,VALMORCA,NACIONAL / IMPORTADO,,7591020008747,,0,0
M-0649,,MISULVAN (AMBROXOL CLORHIDRATO) 15MG/5ML  X 120 ML JARABE PEDIATRICO ,8.501587301587302,1.8019472873224462,FRASCO X 120 ML,PLUSANDEX,NACIONAL / IMPORTADO,,7594001100614,,0,0
M-0569,,"MISULVAN (AMBROXOL CLORHIDRATO) 7,5 MG/ML X 30 ML SOLUCION GOTAS (06/2022)",6.895200000000001,1.4614667231877916,FRASCO X 30 ML,PLUSANDEX,NACIONAL / IMPORTADO,,759001100591,,0,0
M-1453,,MI-VIT X 1G X 30 SOBRES ALIMENTO EN POLVO A BASE DE MALTODEXTRINA CON VITAMINA Y MINERALES,24.38,5.1674438321322596,CAJA X 30 SOBRES,CALOX ,NACIONAL / IMPORTADO,,7591519000313,,0,0
M-0907,,"MOMEQ (MOMETASONA FUROATO) AL 0,1% X 15 GR ",17.2,3.645612547689699,TUBO X 15 GR,LA SANTÉ,NACIONAL / IMPORTADO,,7592454889667,,0,0
M-1243,,"MONALIZ (MOMETASONA FUROATO) AL 0,05% X 18 G SPRAY NASAL",35.7552,7.578465451462485,FRASCO,POLINAC,NACIONAL / IMPORTADO,,8699525546234,,0,0
D-0079,,MONO CORTO PARA PACIENTE (09/2022),7.418181818181819,1.5723149254306525,UND,SANIPAD,MEDICO / QUIRURGICO,1,NO APLICA,,0,0
M-1633,,MONONITRATO DE ISOSORBIDA 20 MG X 30 COMP (EQ. ELANTAN),11.792857142857143,2.499545812390238,CAJA X 30 COMP,ZYDUS,NACIONAL / IMPORTADO,,7898910350062,,0,0
M-1518,,MONTELUKAST 10 MG X 30 TAB REC (MEDIGEN),30.62222222222222,6.490509161132306,CAJA X 30 TAB,OFTALMI,NACIONAL / IMPORTADO,,7591196003447,,0,0
M-0742,,MORFINA CHT 10MG/1ML AMPOLLA,5.37265625,1.1387571534548537,AMPOLLA,BIOSANO,PSICOTROPICO / ESTUPEFACIENTE,1,7800061330107,,0,0
M-0934,,MOVIMEX (MELOXICAM) 15MG X 10 TAB,13.8424,2.9339550657058076,CAJA X 10 TAB,OFTALMI,NACIONAL / IMPORTADO,,7591196004093,,0,0
M-1548,,MOXIFLOXACINA (MEGAMOX) 400 MG/ 250 ML X 250 ML SOL INY IV,51.23,10.858414582450191,FRASCO X 250 ML,LAB BEHRENS,NACIONAL / IMPORTADO,,7592637397392,,0,0
M-1301,,MULTIVITAMINA X 100 ML JARABE,12.102380952380953,2.5651506893558613,FRASCO X 100 ML,BALAXI,NACIONAL / IMPORTADO,,18906101701602,,0,0
M-0986,,MYDROX (TROPICAMIDA) SOLUCION OFTALMICA X 5 ML,8.112,1.7193726155150488,FRASCO X 5ML,OFTALMI,NACIONAL / IMPORTADO,,7591196003409,,0,0
M-0519,,N°1 DEXTROSA  5% EN AGUA DESTILADA  X 500 ML ,13.48,2.857142857142857,FRASCO,LAB BEHRENS,NACIONAL / IMPORTADO,,7592637005068,,0,0
M-0654,,"N°28 DEXTRO-SAL  0,30% SOL FB X 500 ML ",10.36,2.1958456973293767,FRASCO,LAB BEHRENS,NACIONAL / IMPORTADO,,7592637005082,,0,0
M-0653,,"N°29 DEXTRO-SAL 0,45% SOL FB X 500 ML",16.47,3.4908859686307756,FRASCO,LAB BEHRENS,NACIONAL / IMPORTADO,,7592637005099,,0,0
M-0863,,N°38 MANITOL AL 18% X 500 ML SOLUCION,27.77,5.885968630775753,FRASCO,LAB BEHRENS,NACIONAL / IMPORTADO,,7592637001190,,0,0
M-0521,,N°4 DEXTROSA 5% EN SOLUCION FIOSOLOGICA X 500 ML,14.97,3.172954641797372,FRASCO,LAB BEHRENS,NACIONAL / IMPORTADO,,7592637005075,,0,0
M-0518,,N°49 AGUA DESTILADA X 500ML,17.85,3.783382789317508,FRASCO,LAB BEHRENS,NACIONAL / IMPORTADO,,4592637000391,,0,0
M-1355,,NANOCREAM X 50 G POMADA DERMOPROTECTORA DE HAMAMELIS ,16.22936507936508,3.4398823822308353,TARRO X 50 G,CHEMYCALS SOMA,NACIONAL / IMPORTADO,,7596139000293,,0,0
M-1411,,NANPROFEN (IBUPROFENO) 100 MG/5 ML X 100 ML SUSPENSION,11.235714285714288,2.381457033852117,FRASCO X 100 ML,BALAXI,NACIONAL / IMPORTADO,,18906101701640,,0,0
M-1635,,NAPROX (NAPROXENO) 500 MG X 10 COMP,11.483333333333334,2.4339409354246153,CAJA X 10 COMP,TEUTO,NACIONAL / IMPORTADO,,7896112173403,,0,0
M-1527,,"NEBUDINA AMP (BROMURO DE IPRATROPIO) 0,9/ 3 ML SOL P/ NEBULIZAR",7.180952380952381,1.5220331456024547,AMPOLLA,ALFA,NACIONAL / IMPORTADO,,7468999198666,,0,0
L-0061,,NEBULIZADOR PORTATIL MESH,243.36825396825395,51.58292792883721,UNIDAD,LAND,NACIONAL / IMPORTADO,,7598008000731,,0,0
M-1636,,NERALGYN (ISOMETEPTENO 30 MG + DIPIRONA 300 MG + CAFEINA 30 MG) X 20 COMP (EQ. IVAGAN),5.303174603174603,1.1240302253443415,CAJA X 20 COMP,CIFARMA,NACIONAL / IMPORTADO,,7898158694416,,0,0
L-0047,,NIFEDIPINA 10 MG TABLETAS,1.3412698412698414,0.28428780018436656,BLISTER X 10 TAB,LAND,NACIONAL / IMPORTADO,,7598008000571,,0,0
L-0046,,NIFEDIPINA 20 MG TABLETAS,1.9603174603174605,0.4154975541156126,BLISTER X 10 TAB,LAND,NACIONAL / IMPORTADO,,7598008000588,,0,0
M-0876,,NITAZOXANIDA 500 MG X 6 TAB MASTICABLES,30.42,6.447647308181433,CAJA X 6 TAB,LA SANTÉ,NACIONAL / IMPORTADO,,,,0,0
M-1055,,"NOTISON 0,25MG X 20 COMP",16.900000000000002,3.5820262823230187,CAJA X 20 COMP,GMP,PSICOTROPICO / ESTUPEFACIENTE,1,7591619519005,,0,0
M-1431,,OMEPRAZOL (EUPEPT) 20 MG X 30 CAPSULAS,7.1703125000000005,1.5197779779567615,CAJA X 30 CAPSULAS,CIFARMA,NACIONAL / IMPORTADO,,7898495604376,,0,0
L-0027,,OMEPRAZOL 20 MG CAPSULAS,2.321428571428572,0.492036577242173,BLISTER X 10 TAB,LAND,NACIONAL / IMPORTADO,,7598008000601,,0,0
L-0102,,OMEPRAZOL 40 MG POLVO PARA INYECCION IV,5.303174603174603,1.1240302253443415,AMPOLLA,LAND,NACIONAL / IMPORTADO,,7598008001219,,0,0
M-1493,,OMEPRAZOL 40 MG/ 10 ML POLVO LIOFILIZADO PARA INY IV ,8.986507936507937,1.9047282612352558,AMPOLLA,JMW,NACIONAL / IMPORTADO,,189190009816,,0,0
M-1205,,ONDATRIN (ONDASETRON) 2ML / ML X 2 ML SOL INYECTABLE I.V AMPOLLA,14.29,3.028825773632895,AMPOLLA,LAB BEHRENS,NACIONAL / IMPORTADO,,7592637008281,,0,0
M-0206,,OXACILINA 1 G IM/IV,3.920634920634921,0.8309951082312252,1 AMPOLLA,EL MORRO,NACIONAL / IMPORTADO,,0652931974280,,0,0
M-1225,,OXACILINA 1G PVO P/ SOLUCION INYECTABLE I.M/ I.V,2.4452380952380954,0.5182785280284221,VIAL,FAHD,NACIONAL / IMPORTADO,,6921875006048,,0,0
M-1529,,"OXIMETAZOLINA CLORHIDRATO 0,025% X 15 ML SOL NASAL",13.1976,2.7972869860110214,UNIDAD,VALMORCA,NACIONAL / IMPORTADO,,759020007511,,0,0
M-1638,,OXYDERME (NISTATINA 100000 UI + OXIDO DE ZINC 200 MG) POMADA X 60 GR,10.596031746031747,2.2458736214564956,TUBO X 60 G,CIFARMA,NACIONAL / IMPORTADO,,7898158693228,,0,0
M-1185,,PAPAVERYL SOLUCION GOTAS x 30ml,20.8,4.408647732089869,FRASCO ,LAB VINCENTI,NACIONAL / IMPORTADO,,7592782000611,,0,0
M-1658,,PARACETAMOL (TYFLEN) 32 MG/ ML X 60 ML JARABE PEDIATRICO SABOR CEREZA (EQ. APIRET),5.9222222222222225,1.2552399792755877,FRASCO X 60 ML,BRASTERAPICA,NACIONAL / IMPORTADO,,7898100242726,,0,0
M-1102,,PARGEVERINA 5MG/1ML AMPOLLA (06/2022),4.797619047619048,1.0168755929671573,AMPOLLA,BIOSANO,NACIONAL / IMPORTADO,,7800061001359,,0,0
M-1639,,PEDIANUTRI X 20 ML GOTAS SABOR TUTII FRUTTI (EQ HENOVIC),6.67265625,1.4142976367104705,FRASCO X 20 ML,ARTE NATIVA,NACIONAL / IMPORTADO,,7898277714361,,0,0
M-1223,,PENICILINA BENZATINICA 1.200.000 UI PVO P/ SUSPENSION INYECTABLE I.M,2.1047619047619053,0.4461131633662368,VIAL,FAHD,NACIONAL / IMPORTADO,,6921875009889,,0,0
M-1224,,PENICILINA BENZATINICA 2.400.000 UI PVO P/ SUSPENSION INYECTABLE I.M,2.8476190476190473,0.6035648680837319,VIAL,FAHD,NACIONAL / IMPORTADO,,6921875009896,,0,0
M-0371,,PENICILINA G BENZATINICA 2.400.000 UI,3.5801587301587303,0.7588297435690399,AMPOLLA,EL MORRO,NACIONAL / IMPORTADO,,0652931975720,,0,0
M-1307,,PIRACETAM 800 MG X 10 TAB,22.9734375,4.869316977532852,BLISTER X 10 TAB,JMW,NACIONAL / IMPORTADO,,8904330300200,,0,0
M-0679,,PIROXICAM 20 MG X 10 CAP (ELTER),11.06,2.3442136498516324,CAJA X 10 CAP,LA SANTÉ,NACIONAL / IMPORTADO,,7592454172073,,0,0
M-1641,,PLABEL (METOCLOPRAMIDA) 10 MG X 20 COMP,3.49375,0.74051504874947,CAJA X 20 COMP,BELFAR,NACIONAL / IMPORTADO,,7897917000963,,0,0
M-0526,,POLIAMIN 10% SOLUCION 500 ML,128.61,27.25943196269606,FRASCO,LAB BEHRENS,NACIONAL / IMPORTADO,,7592637001367,,0,0
M-1642,,POLIMAIS A-Z X 60 CAPSULAS,12.1671875,2.5788867104705386,FRASCO X 60 CAPS,NUTRIEX,NACIONAL / IMPORTADO,,7898633381800,,0,0
M-1691,,POLIMAIS KIDS PATRULLA CANINA X 240 ML SABOR TUTTI FRUTTI,23.02421875,4.880080277660025,FRASCO X 240 ML,NUTRIEX,NACIONAL / IMPORTADO,,7598633382005,,0,0
D-0027,,POMADA CEROX 60G,10.3,2.183128444256041,FRASCO,FARMAGENIK,NACIONAL / IMPORTADO,,00224,,0,0
L-0022,,PREDNISOLONA 5 MG TABLETAS,3.053968253968254,0.6473014527274807,BLISTER X 10 TAB,LAND,NACIONAL / IMPORTADO,,7598008000618,,0,0
M-1517,,PREGABALINA 75 MG X 10 TAB (EQ. LYRICA),9.53671875,2.0213477638830013,CAJA X 10 TAB,JMW,NACIONAL / IMPORTADO,,18906047593910,,0,0
M-1646,,PREGABALINA 75 MG X 30 CAPSULAS (EQ. LYRICA),23.400000000000002,4.959728698601102,CAJA X 30 CAP,TEUTO,NACIONAL / IMPORTADO,,7896112172130,,0,0
M-1451,,PRELIVAL (PREGABALINA) 150 MG X 20 CAP (09/2022),33.6128,7.124374735057228,CAJA X 20 COMP,VALMORCA,NACIONAL / IMPORTADO,,7591020081009,,0,0
M-1150,,PRELIVAL (PREGABALINA) 75 MG X 20 CAP,23.7016,5.023654090716405,CAJA X 20 COMP,VALMORCA,NACIONAL / IMPORTADO,,7591020080996,,0,0
M-1033,,PRESIDERM (MUPIROCINA) 2% X 15 GR UNGÜENTO,23.4,4.9597286986011015,TUBO X 15 GR,MEDIHEALTH,NACIONAL / IMPORTADO,,7591619520513,,0,0
M-1647,,PROAPETIC BC X 240 ML SUSPENSION (EQ. LISIN-B) ,11.9234375,2.5272228698601102,FRASCO X 240 ML,PHARLAB,NACIONAL / IMPORTADO,,7898216365920,,0,0
M-1386,,PROCILUS D2 (BACILLUS CLAUSII + ZINC) 10 SOBRES X 1 G SABOR UVA,55.9,11.84824077999152,CAJA X 10 SOBRES,LA SANTÉ,NACIONAL / IMPORTADO,,7709031877546,,0,0
M-1543,,PROGESTERONA 200 MG X 10 TAB DE LIBERACION SOSTENIDA,25.2078125,5.3429021831284444,CAJA X 10 TAB,JMW,NACIONAL / IMPORTADO,,203571228099,,0,0
M-1542,,PROGESTERONA 200 MG X 10 TAB VAGINALES + APLICADOR,28.630468750000002,6.068348611699873,CAJA X 10 TAB,JMW,NACIONAL / IMPORTADO,,203571228112,,0,0
M-0484,,PROPANOLOL 40MG X 20 COMP PLUSANDEX,6.242063492063492,1.3230316854733981,CAJA X 20 COMP,PLUSANDEX,NACIONAL / IMPORTADO,,7594001100171,,0,0
M-1514,,PROPOFOL 200 MG / 20 ML AMP,21.852380952380955,4.631704313772987,AMPOLLA,CELON LABS,NACIONAL / IMPORTADO,,,,0,0
M-1441,,PROVIM (VITAMINAS Y MINERALES) X 20 GRAGEAS,16.384126984126986,3.472684820713647,FRASCO X 20 GRAGEAS,PLUSANDEX,NACIONAL / IMPORTADO,,7594001100164,,0,0
M-1695,,"PULMOLIX LABS (N-ACETILCISTEINA) 600 MG X 10 SOBRES 1,5 G POLVO PARA SOLUCION ORAL (PARMETIQUE LABS) EQ. LYSOMUCIL",44.34,9.398050021195422,CAJA X 10 SOBRES,LA SANTÉ,NACIONAL / IMPORTADO,,7703763661060,,0,0
M-0753,,"QUADRIMER (BETAMETASONA 1% - FLUCONAZOL 2,5% -GENTAMICINA 1%) X 20 GR CREMA",15.734126984126984,3.3349145790858383,TUBO 20 G,BOOZ,NACIONAL / IMPORTADO,,7597072001826,,0,0
M-0474,,QUINOFTAL SOL. OFTALMICA,17.86,3.7855023314963967,FRASCO X 5ML,OFTALMI,NACIONAL / IMPORTADO,,7591196000439,,0,0
M-0475,,QUINOMAX SOL. OFTALMICA,18.68,3.959304790165324,FRASCO X 5ML,OFTALMI,NACIONAL / IMPORTADO,,7591196003416,,0,0
M-0512,,REDUBEN (NIMESULIDE) 100MG X 10 TAB,20.695999999999998,4.386604493429419,CAJA X 10 TAB,COFASA,NACIONAL / IMPORTADO,,7591818116067,,0,0
Q-164,,REGULADOR DE FLUJO (CUENTA GOTAS),6.554181818181817,1.3891864811746115,UND,MC MEDICAL,MEDICO / QUIRURGICO,50,7595059000963,,0,0
M-0529,,REHIDROSOL MANZANA 600ML (SALES DE HIDRATACION ORAL),15.79,3.346757100466299,FRASCO 600ML,LAB BEHRENS,NACIONAL / IMPORTADO,,7592637397415,,0,0
L-0057,,REMDESIVIR 100 MG POLVO LIOFILIZADO PARA INYECCION,187.20000000000002,39.67782958880882,VIAL,KWALITY INDIA,NACIONAL / IMPORTADO,,18904187883892,,0,0
M-1219,,RESTAURALYTE X 18 GR POLVO PARA PREPARAR BEBIDA HIDRATANTE,5.8032,1.2300127172530735,SOBRE X 18 GR,PROVEMORCA,NACIONAL / IMPORTADO,,7591970322,,0,0
M-1649,,RIFOTRAT (RIFAMICINA) 10 MG/ML X 20 ML SPRAY USO TOPICO (EQ. RIFOCINA),10.173015873015837,2.156213622936803,FRASCO X 20 ML,NATULAB,NACIONAL / IMPORTADO,,7898133134784,,0,0
M-1309,,RISPERIDONA 3 MG X 10 TAB,13.4875,2.8587325137770243,BLISTER X 10 TAB,JMW,NACIONAL / IMPORTADO,,8906089281243,,0,0
M-1535,,ROGENTYL (GENTAMICINA) 80 MG/2 ML X 2 ML IM/IV,7.1552,1.5165748198389148,AMPOLLA,RONAVA,NACIONAL / IMPORTADO,,7592806112146,,0,0
M-1459,,RONAVIT (VITAMINA B12 + B1 + B6) X 2 ML SOLUCION INYECTABLE I.M,6.5,1.377702416278084,AMPOLLA,RONAVA,NACIONAL / IMPORTADO,,7592806112115,,0,0
M-1650,,ROSUVASTATINA 10 MG X 30 COMP,17.467460317460322,3.702301890093328,CAJA X 30 COMP,TEUTO,NACIONAL / IMPORTADO,,7896112100584,,0,0
M-1169,,ROSUVASTATINA 20 MG X 10 TAB,5.375396825396825,1.1393380299696534,BLISTER X 10 TAB,FAHD,NACIONAL / IMPORTADO,,18906043090567,,0,0
Q-214,,SABANA PARA CAMILLA,3.6741818181818178,0.778758333654476,UND,UM,MEDICO / QUIRURGICO,1,,,0,0
M-0436,,SALBUTAMOL SOL. P/INHALAR,24.159200000000002,5.120644340822383,FRASCO X 15ML,OFTALMI,NACIONAL / IMPORTADO,,7591196002303,,0,0
M-1651,,SALICETIL (ACIDO ACETILSALICILICO) 100 MG X 10 COMP (EQ. ASPIRINA),0.84296875,0.17867078211106402,BLISTER X 10 COMP,BRASTERAPICA,NACIONAL / IMPORTADO,,7898100241897,,0,0
M-1280,,"SARIFAN COMPOSITUM (HIOSCINA 0,01 G + DIPIRONA 0,25 G) X 20 TAB",25.6152,5.429249682068673,CAJA X 20 TAB,RONAVA,NACIONAL / IMPORTADO,,7592806134032,,0,0
Q-157,,SCALP N° 19,0.3141818181818182,0.06659216154765116,UND,MC MEDICAL,MEDICO / QUIRURGICO,100,7595059000819,,0,0
M-1442,,SECNIDEX (SECNIDAZOL) 500 MG X 4 TABLETAS RECUBIERTAS,5.499206349206349,1.1655799807559029,CAJA X 4 TAB,PLUSANDEX,NACIONAL / IMPORTADO,,7594001101475,,0,0
M-1652,,SECNIMAX (SECNIDAZOL) 1000 MG X 2 COMP (EQ. DAKSOL),6.8046875,1.4422822170411191,CAJA X 2 COMP,GLOBO,NACIONAL / IMPORTADO,,7898060138220,,0,0
M-1080,,SERON (SERTRALINA) 50 MG X 30 COMP (07/2022),39.3432,8.338957185247986,CAJA X 30 COMP,SNC PHARMA ,NACIONAL / IMPORTADO,,7597767000211,,0,0
B-0003,,SHAMPOO MECHICO PARA BEBÉ 200 ML,4.973015873015873,1.0540516899143435,FRASCO,MECHICO,NACIONAL / IMPORTADO,,8964000279892,,0,0
M-0776,,SILDENAFIL 50 MG X 1 TAB,5.653968253968255,1.1983824192387145,CAJA X 1 TAB,LA SANTÉ,NACIONAL / IMPORTADO,,7592454173971,,0,0
M-0063,,SIMVASTATINA 40MG X 10 TAB,11.38,2.4120389995760916,CAJA X 10 TAB,CALOX ,NACIONAL / IMPORTADO,,7591519003383,,0,0
M-0166,,SINUTIL DIA,13.010399999999999,2.7576091564222125,CAJA X 10 CAP,FC PHARMA,NACIONAL / IMPORTADO,,7593090000010,,0,0
Q-133,,SISTEMA DE DRENAJE URINARIO + BOLSA COLECTORA DE ORINA 2000ML ,8.430545454545454,1.7868896681953061,UND,MC MEDICAL,MEDICO / QUIRURGICO,1,810028130159,,0,0
M-1700,,SOLFEM (METRONIDAZOL + NISTATINA + GENTAMICINA + LIDOCAINA) X 5 OVULOS VAGINALES,24.05,5.097498940228911,CAJA X 5 OVULOS,SNC PHARMA,NACIONAL / IMPORTADO,,788070698654,,0,0
M-0368,,SOLUCION FISIOLOGICA 30ML,7.05,1.4942772361169987,FRASCO,FARMAGENIK,NACIONAL / IMPORTADO,,0112266402235,,0,0
Q-093,,SONDA SUCCION N° 5,1.047272727272727,0.2219738718255038,UND,IM-SUMEDICAL,MEDICO / QUIRURGICO,50,652931966705,,0,0
M-0733,,SORKINOX (LEVODOPA-CARBIDOPA) 250/25MG X 30 COMP,57.97,12.28698601102162,CAJA X 30 COMP,SNC PHARMA ,NACIONAL / IMPORTADO,,7595368012732,,0,0
M-1654,,SULFATO FERROSO 125 MG/ ML X 30 ML GOTAS (EQ. FERGANIC),4.56031746031746,0.9665785206268461,FRASCO X 30 ML,ARTE NATIVA,NACIONAL / IMPORTADO,,7898277713302,,0,0
M-1478,,SULFATO FERROSO 300 MG / 5ML X 120 ML JARABE,19.355555555555558,4.102491639583628,FRASCO X 120 ML,JMW,NACIONAL / IMPORTADO,,8906089281311,,0,0
M-1681,,SULTAMICILINA 750 MG X 10 TAB REC,45.85546875,9.719260014836795,CAJA X 10 TAB,DAC,NACIONAL / IMPORTADO,,7598578000186,,0,0
M-1151,,TADAFOX (TADALAFILO) 5 MG X 30 TAB REC,19.469531250000003,4.126649268757949,CAJA X 30 TAB,VALMORCA,NACIONAL / IMPORTADO,,7591020080781,,0,0
M-0629,,TALYSTO (TADALAFILO) 20 MG X 1 TAB MASTICABLE (PHARMETIQUE LABS),4.03,0.8541754980924121,CAJA X 1 TAB,GALENO,NACIONAL / IMPORTADO,,7592454891400,,0,0
M-0682,,TALYSTO (TADALAFILO) 5 MG X 10 TAB MASTICABLES (PHARMETIQUE LABS),7.67,1.625688851208139,CAJA X 10 TAB,LA SANTÉ,NACIONAL / IMPORTADO,,759454891394,,0,0
L-0049,,"TAMSULOSINA 0,4 MG TABLETAS",6.18015873015873,1.3099107100802736,BLISTER X 10 TAB,LAND,NACIONAL / IMPORTADO,,7598008000625,,0,0
M-1370,,TAMSULOSINA 0.4 MG X 10 TAB DE LIBERACION PROLONGADA,12.205555555555556,2.5870189816777356,BLISTER X 10 TAB,JMW,NACIONAL / IMPORTADO,,8906089281229,,0,0
M-1220,,TELYDALT DUO (TELMISARTAN 80 MG + AMLODIPINO 5 MG) X 28 COMPRIMIDOS (08/2022),25,5.2988554472234,CAJA X 28 COMP,LAB VINCENTI,NACIONAL / IMPORTADO,,7401078910162,,0,0
M-1221,,TELYDALT PLUS (TELMISARTAN 80 MG + HIDROCLOROTIAZIDA 12.5 MG) X 28 COMPRIMIDOS (06/2022),50.99999999999999,10.809665112335734,CAJA X 28 COMP,LAB VINCENTI,NACIONAL / IMPORTADO,,7401078910131,,0,0
M-1545,,TEOFILINA 600 MG X 10 TAB DE LIBERACION PROLONADA,17.529365079365075,3.7154228654864507,BLISTER X 10 TAB,JMW,NACIONAL / IMPORTADO,,8906089281540,,0,0
M-1310,,TETRACICLINA 500 MG X 10 CAP (07/2022),2.1047619047619053,0.4461131633662368,BLISTER X 10 CAP,BALAXI,NACIONAL / IMPORTADO,,6937874100397,,0,0
M-1655,,TEUTOVIT- E 400 MG X 30 CAP,16.34285714285714,3.4639375037848965,FRASCO X 30 CAP,TEUTO,NACIONAL / IMPORTADO,,7896112116929,,0,0
M-0159,,THIMEROSAL 60ML (07/2022),9.1,1.9287833827893175,FRASCO,FC PHARMA,NACIONAL / IMPORTADO,,7593090002243,,0,0
M-1311,,TINIDAZOL 500 MG X 4 TAB RECUBIERTAS,1.8365079365079366,0.38925560332936343,BLISTER X 4 TAB,BALAXI,NACIONAL / IMPORTADO,,28906101702286,,0,0
M-1682,,TIOCOLCHICOSIDO 4 MG X 10 TAB,10.36,2.1958456973293767,CAJA X 10 TAB,DAC,NACIONAL / IMPORTADO,,7598578000308,,0,0
M-0754,,TIOCOLFEN 600 MG - 4 MG X 10 TABLETAS RECUBIERTAS,32.76,6.9436201780415425,CAJA X 10 TAB,GALENO,NACIONAL / IMPORTADO,,7592454891288,,0,0
M-0557,,"TODEX 7,5 G UNGUENTO OFTALMICO",38.78,8.219584569732937,TUBO,OFTALMI,NACIONAL / IMPORTADO,,7591196000897,,0,0
M-0091,,TORIVAS (PINAVERIUM BROMURO) 100 MG X 30 TAB,31.85,6.750741839762612,CAJA X 30 TAB,MCK PHARMACEUTICAL,NACIONAL / IMPORTADO,,7591519000092,,0,0
M-1656,,TORSILAX (CAFEINA 30 MG+ CARISOPRODOL 125 MG + D. SODICO 50 MG + PARACETAMOL 300 MG) DISPENSADOR 20 BLISTER X 10 TAB,50.85234375,10.778368747350573,DISP X 20 BLISTER,NEO QUIMICA,NACIONAL / IMPORTADO,,7896714257600,,0,0
M-1365,,"TRACEVAL (ACETAMINOFEN 325 MG + TRAMADOL CLORHIDRATO 37,5 MG) X 20 TAB REC",36.440625000000004,7.723744171259009,CAJA X 20 TAB,VALMORCA,PSICOTROPICO / ESTUPEFACIENTE,1,7591020080668,,0,0
M-1366,,TRACEVAL (ACETAMINOFEN 500 MG + TRAMADOL CLORHIDRATO 50 MG) X 20 TAB ,42.93046875,9.099293927511658,CAJA X 20 TAB,VALMORCA,PSICOTROPICO / ESTUPEFACIENTE,1,7591020080682,,0,0
M-1693,,TRANSISEMA (COLESTIRAMINA) 4 G X 5 G SOBRE POLVO PARA SUSPENSION ORAL,7.47,1.5832980076303518,SOBRE X 4 G,GLOBAL FARMA,NACIONAL / IMPORTADO,,7406076125440,,0,0
Q-097,,TRAQUEOTOMO N° 3.0,20.13381818181818,4.267447685845312,UND,IM-SUMEDICAL,MEDICO / QUIRURGICO,10,652931972279,,0,0
Q-099,,TRAQUEOTOMO N° 4.0,20.13381818181818,4.267447685845312,UND,IM-SUMEDICAL,MEDICO / QUIRURGICO,10,652931972293,,0,0
Q-100,,TRAQUEOTOMO N° 4.5,20.13381818181818,4.267447685845312,UND,IM-SUMEDICAL,MEDICO / QUIRURGICO,10,652931972309,,0,0
Q-101,,TRAQUEOTOMO N° 5.0,20.13381818181818,4.267447685845312,UND,IM-SUMEDICAL,MEDICO / QUIRURGICO,10,652931972316,,0,0
M-1657,,TRAXONOL (ITRACONAZOL) 100 MG X 15 CAPSULAS (EQ. FUNGOSIN),22.07936507936508,4.6798145568811105,CAJA X 15 CAPS,GEOLAB,NACIONAL / IMPORTADO,,7899095201378,,0,0
M-1379,,TRIMETOPRIM + SULFAMETOXAZOL (80 MG + 400 MG) AMP,11.02936507936508,2.337720449208368,AMPOLLA,VITALIS,NACIONAL / IMPORTADO,,7707236125967,,0,0
M-0803,,TRIMETOPRIM + SULFAMETOXAZOL 160 MG + 800 MG TABLETAS ,4.4890625,0.9514757312420518,BLISTER X 10 TAB,BALAXI,NACIONAL / IMPORTADO,,7460260001859,,0,0
M-1672,,TRIMETOPRIM 40 MG + SULFAMETOXAZOL 200MG/5ML (COTRIMOXAZOL) X 100 ML,11.22265625,2.3786893281051293,FRASCO X 100 ML,JMW,NACIONAL / IMPORTADO,,7401189600136,,0,0
M-1079,,TROLAM (CITALOPRAM) 20 MG X 20 COMP,30.65,6.496396778295888,CAJA X 20 COMP,SNC PHARMA ,NACIONAL / IMPORTADO,,7595368000104,,0,0
Q-165,,TUBO DE EXTENSION K-50,6.554181818181817,1.3891864811746115,UND,MC MEDICAL,MEDICO / QUIRURGICO,50,810028130081,,0,0
Q-109,,TUBO DE EXTENSION K-50,6.545454545454546,1.3873366989093994,UND,IM-SUMEDICAL,MEDICO / QUIRURGICO,50,652931973238,,0,0
Q-112,,TUBO ENDOTRAQUEAL N° 3.0  SIN/BALON,3.7439999999999998,0.7935565917761763,UND,IM-SUMEDICAL,MEDICO / QUIRURGICO,10,652931971913,,0,0
Q-118,,TUBO ENDOTRAQUEAL N° 6.0  C/BALON,6.650181818181817,1.4095340860919494,UND,IM-SUMEDICAL,MEDICO / QUIRURGICO,10,652931966865,,0,0
Q-119,,TUBO ENDOTRAQUEAL N° 6.5  C/BALON,6.650181818181817,1.4095340860919494,UND,IM-SUMEDICAL,MEDICO / QUIRURGICO,10,652931966254,,0,0
Q-120,,TUBO ENDOTRAQUEAL N° 8.5  C/BALON,6.650181818181817,1.4095340860919494,UND,IM-SUMEDICAL,MEDICO / QUIRURGICO,10,65293196292,,0,0
M-1073,,VALSARTAN + AMLODIPINA 160/10 MG X 10 TABLETAS RECUBIERTAS (ELTER) (08/2022),19.77,4.190334887664265,CAJA X 10 TAB,LA SANTÉ,NACIONAL / IMPORTADO,,7592454891424,,0,0
M-0965,,VALSARTAN + AMLODIPINA 80/5 MG X 10 TABLETAS RECUBIERTAS (ELTER) (08/2022),15.21,3.2238236540907166,CAJA X 10 TAB,LA SANTÉ,NACIONAL / IMPORTADO,,7592454892417,,0,0
M-1312,,VALSARTAN 160 MG X 10 TAB,14.465079365079365,3.0659345835267837,BLISTER X 10 TAB,JMW,NACIONAL / IMPORTADO,,18906047593439,,0,0
M-0737,,VALSARTAN 80 MG X 14 TAB. ELTER,12.31,2.609156422212802,CAJA X 14 TAB,LA SANTÉ,NACIONAL / IMPORTADO,,7703763341078,,0,0
M-0252,,"VALSARTAN-HCT 80MG/12,5MG TABLETAS X 14 (10/2022)",13.81,2.927087749046206,CAJA X 14 TAB,CALOX ,NACIONAL / IMPORTADO,,7591519006698,,0,0
M-1490,,VANCOMICINA (VAANCO-500) 500 MG POLVO LIOFILIZADO PARA INYECCION I.V,19.964285714285715,4.231514564282687,AMPOLLA,ORLEY LABORATORIES,NACIONAL / IMPORTADO,,,,0,0
M-1544,,VANCOMICINA (VANACIN-CP) 500 MG POLVO PARA INYECCION IV,20.583333333333332,4.362724318213933,VIAL,CBC,NACIONAL / IMPORTADO,,,,0,0
M-1352,,VASELYM (VASELINA) CON MANZANILLA X 100 G CREMA PROTECTORA HUMECTANTE ,16.611111111111114,3.5207950638217707,TARRO X 100 G,CHEMYCALS SOMA,NACIONAL / IMPORTADO,,7557956322012,,0,0
Q-200,,VENDA ELASTICA 5 CM X 4 M,1.0036363636363634,0.21272496049944117,UND,BASTOS VIEGAS,MEDICO / QUIRURGICO,1,,,0,0
M-1686,,VENOCHEA X 300 G CREMA ANTIVARICES,30.58046875,6.481659336583299,FRASCO X 300 G,AVVIO PHARMA,NACIONAL / IMPORTADO,,7908028021034,,0,0
M-1384,,VENTODUO (SALBUTAMOL 100 MCG + BECLOMETASONA DIPROPIONATO 50 MCG) X 200 DOSIS + DISPOSITIVO (ALDO UNION),55.25,11.710470538363714,UNIDAD,POLINAC,NACIONAL / IMPORTADO,,8470007006565,,0,0
M-1660,,VIT E GEL (VITAMINA E) 400 MG X 30 CAPSULAS BLANDAS,16.97109375,3.59709490250106,CAJA X 30 CAP,AIRELA,NACIONAL / IMPORTADO,,7894164005994,,0,0
M-1194,,VITADYN C SABOR MANDARINA X 10 TABLETAS EFERVESCENTES,15.41,3.2662144976685035,TABLETAS X 10,OFTALMI,NACIONAL / IMPORTADO,,7591196000712,,0,0
M-0438,,VITADYN KIDS 200MG/5ML JARABE SABOR A NARANJA,13.39,2.838066977532853,FRASCO ,OFTALMI,NACIONAL / IMPORTADO,,7591196000767,,0,0
M-0463,,VITAMINA B12 INY X 2ML ,11.835200000000002,2.5085205595591358,AMPOLLA,POLINAC,NACIONAL / IMPORTADO,,7592348240000,,0,0
M-1482,,VITAMINA C (NANVIT-C) 100 MG/ 5 ML X 100 ML JARABE (10/2022),7.180952380952381,1.5220331456024547,FRASCO X 100 ML,BALAXI,NACIONAL / IMPORTADO,,18906101701084,,0,0
L-0089,,VITAMINA C 500 MG X 10 TABLETAS MASTICABLES,4.333333333333333,0.9184682775187226,BLISTER X 10 TAB,LAND,NACIONAL / IMPORTADO,,7598008000755,,0,0
M-1439,,VITAMINA C 500 MG X 20 COMP (06/2022),2.1253968253968254,0.45048682183061156,FRASCO X 20 COMP,GLOBO,NACIONAL / IMPORTADO,,7899620914216,,0,0
L-0100,,VITAMINA C 500 MG/2 ML INYECTABLE IM- IV (CADENA DE FRIO),3.435714285714286,0.7282141343184159,AMPOLLA,LAND,NACIONAL / IMPORTADO,,7598008001226,,0,0
M-0168,,VITAMINA C CAPSULAS X 15,11.3776,2.411530309453158,CAJA X 15 CAP,FC PHARMA,NACIONAL / IMPORTADO,,7593090002281,,0,0
M-1249,,VITAMINA C SABOR MANDARINA TIRA  X 10 TAB MASTICABLES,7.76,1.6447647308181432,TIRA X 10 TAB,LA SANTÉ,NACIONAL / IMPORTADO,,7703763750184,,0,0
M-1519,,VITAMINA C SABOR NARANJA 500 MG + ZINC 15 MG X 12 TABLETAS MASTICABLES,10.37,2.197965239508266,SOBRE X 12 TABLETAS,LA SANTÉ,NACIONAL / IMPORTADO,,7703763001477,,0,0
M-0786,,VITAMINA C SABOR NARANJA TIRA X 10 TABLETAS MASTICABLES,7.61,1.612971598134803,TIRAS X 10 TAB,LA SANTÉ,NACIONAL / IMPORTADO,,7703763750115,,0,0
M-1302,,VITAMINA E (NANVIT-E) 400 IU X 10 CAPSULAS DE GELATINA BLANDA,5.61640625,1.190420994065282,BLISTER X 10 CAP,BALAXI,NACIONAL / IMPORTADO,,18906101701435,,0,0
M-1661,,"ZINC (ZINQUA) 29,56 MG X 30 COMP",18.530158730158732,3.9275453010086334,FRASCO X 30 COMP,AIRELA,NACIONAL / IMPORTADO,,7894164007301,,0,0
M-1056,,ZOLPIDEX (ZOLPIDEM) 10MG X 10 COMP (10/2022),4.16,0.8817295464179737,CAJA X 10 COMP,ROWE,PSICOTROPICO / ESTUPEFACIENTE,1,7594000491591,,0,0
,,,,0,,,,,,,0,0
,,,,0,,,,,,,0,0
,,,,0,,,,,,,0,0
,,,,0,,,,,,,0,0
,,,,0,,,,,,,0,0
,,,,0,,,,,,,0,0
,,,,0,,,,,,,0,0
,,,,0,,,,,,,0,0
,,,,0,,,,,,,0,0
,,,,0,,,,,,,0,0
,,,,0,,,,,,,0,0
,,,,0,,,,,,,0,0
,,,,0,,,,,,,0,0
,,,,0,,,,,,,0,0
,,,,0,,,,,,,0,0
,,,,0,,,,,,,0,0
,,,,0,,,,,,,0,0
,,,,0,,,,,,,0,0
,,,,0,,,,,,,0,0
,,,,0,,,,,,,0,0
,,,,0,,,,,,,0,0
,,,,0,,,,,,,0,0
,,,,0,,,,,,,0,0
,,,,0,,,,,,,0,0
,,,,0,,,,,,,0,0
,,,,0,,,,,,,0,0
,,,,0,,,,,,,0,0
,,,,0,,,,,,,0,0
,,,,0,,,,,,,0,0
,,,,0,,,,,,,0,0
,,,,0,,,,,,,0,0
,,,,0,,,,,,,0,0
,,,,0,,,,,,,0,0
,,,,0,,,,,,,0,0
,,,,0,,,,,,,0,0
,,,,0,,,,,,,0,0
,,,,0,,,,,,,0,0
,,,,0,,,,,,,0,0
,,,,0,,,,,,,0,0
,,,,0,,,,,,,0,0
,,,,0,,,,,,,0,0
,,,,0,,,,,,,0,0
,,,,0,,,,,,,0,0
,,,,0,,,,,,,0,0
,,,,0,,,,,,,0,0
,,,,0,,,,,,,0,0
,,,,0,,,,,,,0,0
,,,,0,,,,,,,0,0
,,,,0,,,,,,,0,0
,,,,0,,,,,,,0,0
,,,,0,,,,,,,0,0
,,,,0,,,,,,,0,0
,,,,0,,,,,,,0,0
,,,,0,,,,,,,0,0
,,,,0,,,,,,,0,0
,,,,0,,,,,,,0,0
,,,,0,,,,,,,0,0
,,,,0,,,,,,,0,0
,,,,0,,,,,,,0,0
,,,,0,,,,,,,0,0
,,,,0,,,,,,,0,0
,,,,0,,,,,,,0,0
,,,,0,,,,,,,0,0
,,,,0,,,,,,,0,0
,,,,0,,,,,,,0,0
,,,,0,,,,,,,0,0
,,,,0,,,,,,,0,0
,,,,0,,,,,,,0,0
,,,,0,,,,,,,0,0
,,,,0,,,,,,,0,0
,,,,0,,,,,,,0,0
,,,,0,,,,,,,0,0
,,,,0,,,,,,,0,0
,,,,0,,,,,,,0,0
,,,,0,,,,,,,0,0
,,,,0,,,,,,,0,0
,,,,0,,,,,,,0,0
,,,,0,,,,,,,0,0
,,,,0,,,,,,,0,0
,,,,0,,,,,,,0,0
,,,,0,,,,,,,0,0
,,,,0,,,,,,,0,0
,,,,0,,,,,,,0,0
,,,,0,,,,,,,0,0
,,,,0,,,,,,,0,0
,,,,0,,,,,,,0,0
,,,,0,,,,,,,0,0
,,,,0,,,,,,,0,0
,,,,0,,,,,,,0,0
,,,,0,,,,,,,0,0
,,,,0,,,,,,,0,0
,,,,0,,,,,,,0,0
,,,,0,,,,,,,0,0
,,,,0,,,,,,,0,0
,,,,0,,,,,,,0,0
,,,,0,,,,,,,0,0
,,,,0,,,,,,,0,0
,,,,0,,,,,,,0,0
,,,,0,,,,,,,0,0
,,,,0,,,,,,,0,0
,,,,0,,,,,,,0,0
,,,,0,,,,,,,0,0
,,,,0,,,,,,,0,0
,,,,0,,,,,,,0,0
,,,,0,,,,,,,0,0
,,,,0,,,,,,,0,0
,,,,0,,,,,,,0,0
,,,,0,,,,,,,0,0
,,,,0,,,,,,,0,0
,,,,0,,,,,,,0,0
,,,,0,,,,,,,0,0
,,,,0,,,,,,,0,0
,,,,0,,,,,,,0,0
,,,,0,,,,,,,0,0
,,,,0,,,,,,,0,0
,,,,0,,,,,,,0,0
,,,,0,,,,,,,0,0
,,,,0,,,,,,,0,0
,,,,0,,,,,,,0,0
,,,,0,,,,,,,0,0
,,,,0,,,,,,,0,0
,,,,0,,,,,,,0,0
,,,,0,,,,,,,0,0
,,,,0,,,,,,,0,0
,,,,0,,,,,,,0,0
,,,,0,,,,,,,0,0
,,,,0,,,,,,,0,0
,,,,0,,,,,,,0,0
,,,,0,,,,,,,0,0
,,,,0,,,,,,,0,0
,,,,0,,,,,,,0,0
,,,,0,,,,,,,0,0
,,,,0,,,,,,,0,0
,,,,0,,,,,,,0,0
,,,,0,,,,,,,0,0
,,,,0,,,,,,,0,0
,,,,0,,,,,,,0,0
,,,,0,,,,,,,0,0
,,,,0,,,,,,,0,0
,,,,0,,,,,,,0,0
,,,,0,,,,,,,0,0
,,,,0,,,,,,,0,0
,,,,0,,,,,,,0,0
,,,,0,,,,,,,0,0
,,,,0,,,,,,,0,0
,,,,0,,,,,,,0,0
,,,,0,,,,,,,0,0
,,,,0,,,,,,,0,0
,,,,0,,,,,,,0,0
,,,,0,,,,,,,0,0
,,,,0,,,,,,,0,0
,,,,0,,,,,,,0,0
,,,,0,,,,,,,0,0
,,,,0,,,,,,,0,0
,,,,0,,,,,,,0,0
,,,,0,,,,,,,0,0
,,,,0,,,,,,,0,0
,,,,0,,,,,,,0,0
,,,,0,,,,,,,0,0
,,,,0,,,,,,,0,0
,,,,0,,,,,,,0,0
,,,,0,,,,,,,0,0
,,,,0,,,,,,,0,0
,,,,0,,,,,,,0,0
,,,,0,,,,,,,0,0
,,,,0,,,,,,,0,0
,,,,0,,,,,,,0,0
,,,,0,,,,,,,0,0
,,,,0,,,,,,,0,0
,,,,0,,,,,,,0,0
,,,,0,,,,,,,0,0
,,,,0,,,,,,,0,0
,,,,0,,,,,,,0,0
,,,,0,,,,,,,0,0
,,,,0,,,,,,,0,0
,,,,0,,,,,,,0,0
,,,,0,,,,,,,0,0
,,,,0,,,,,,,0,0
,,,,0,,,,,,,0,0
,,,,0,,,,,,,0,0
,,,,0,,,,,,,0,0
,,,,0,,,,,,,0,0
,,,,0,,,,,,,0,0
,,,,0,,,,,,,0,0
,,,,0,,,,,,,0,0
,,,,0,,,,,,,0,0
,,,,0,,,,,,,0,0
,,,,0,,,,,,,0,0
,,,,0,,,,,,,0,0
,,,,0,,,,,,,0,0
,,,,0,,,,,,,0,0
,,,,0,,,,,,,0,0
,,,,0,,,,,,,0,0
,,,,0,,,,,,,0,0
,,,,0,,,,,,,0,0
,,,,0,,,,,,,0,0
,,,,0,,,,,,,0,0
,,,,0,,,,,,,0,0
,,,,0,,,,,,,0,0
,,,,0,,,,,,,0,0
,,,,0,,,,,,,0,0
,,,,0,,,,,,,0,0
,,,,0,,,,,,,0,0
,,,,0,,,,,,,0,0
,,,,0,,,,,,,0,0
,,,,0,,,,,,,0,0
,,,,0,,,,,,,0,0
,,,,0,,,,,,,0,0
,,,,0,,,,,,,0,0
,,,,0,,,,,,,0,0
,,,,0,,,,,,,0,0
,,,,0,,,,,,,0,0
,,,,0,,,,,,,0,0
,,,,0,,,,,,,0,0
,,,,0,,,,,,,0,0
,,,,0,,,,,,,0,0
,,,,0,,,,,,,0,0
,,,,0,,,,,,,0,0
,,,,0,,,,,,,0,0
,,,,0,,,,,,,0,0
,,,,0,,,,,,,0,0
,,,,0,,,,,,,0,0
,,,,0,,,,,,,0,0
,,,,0,,,,,,,0,0
,,,,0,,,,,,,0,0
,,,,0,,,,,,,0,0
,,,,0,,,,,,,0,0
,,,,0,,,,,,,0,0
,,,,0,,,,,,,0,0
,,,,0,,,,,,,0,0
,,,,0,,,,,,,0,0
,,,,0,,,,,,,0,0
,,,,0,,,,,,,0,0
,,,,0,,,,,,,0,0
,,,,0,,,,,,,0,0
,,,,0,,,,,,,0,0
,,,,0,,,,,,,0,0
,,,,0,,,,,,,0,0
,,,,0,,,,,,,0,0
,,,,0,,,,,,,0,0
,,,,0,,,,,,,0,0
,,,,0,,,,,,,0,0
,,,,0,,,,,,,0,0
,,,,0,,,,,,,0,0
,,,,0,,,,,,,0,0
,,,,0,,,,,,,0,0
,,,,0,,,,,,,0,0
,,,,0,,,,,,,0,0
,,,,0,,,,,,,0,0
,,,,0,,,,,,,0,0
,,,,0,,,,,,,0,0
,,,,0,,,,,,,0,0
,,,,0,,,,,,,0,0
,,,,0,,,,,,,0,0
,,,,0,,,,,,,0,0
,,,,0,,,,,,,0,0
,,,,0,,,,,,,0,0
,,,,0,,,,,,,0,0
,,,,0,,,,,,,0,0
,,,,0,,,,,,,0,0
,,,,0,,,,,,,0,0
,,,,0,,,,,,,0,0
,,,,0,,,,,,,0,0
,,,,0,,,,,,,0,0
,,,,0,,,,,,,0,0
,,,,0,,,,,,,0,0
,,,,0,,,,,,,0,0
,,,,0,,,,,,,0,0
,,,,0,,,,,,,0,0
,,,,0,,,,,,,0,0
,,,,0,,,,,,,0,0
,,,,0,,,,,,,0,0
,,,,0,,,,,,,0,0
,,,,0,,,,,,,0,0
,,,,0,,,,,,,0,0
,,,,0,,,,,,,0,0
,,,,0,,,,,,,0,0
,,,,0,,,,,,,0,0
,,,,0,,,,,,,0,0
,,,,0,,,,,,,0,0
,,,,0,,,,,,,0,0
,,,,0,,,,,,,0,0
,,,,0,,,,,,,0,0
,,,,0,,,,,,,0,0
,,,,0,,,,,,,0,0
,,,,0,,,,,,,0,0
,,,,0,,,,,,,0,0
,,,,0,,,,,,,0,0
,,,,0,,,,,,,0,0
,,,,0,,,,,,,0,0
,,,,0,,,,,,,0,0
,,,,0,,,,,,,0,0
,,,,0,,,,,,,0,0
,,,,0,,,,,,,0,0
,,,,0,,,,,,,0,0
,,,,0,,,,,,,0,0
,,,,0,,,,,,,0,0
,,,,0,,,,,,,0,0
,,,,0,,,,,,,0,0
,,,,0,,,,,,,0,0
,,,,0,,,,,,,0,0
,,,,0,,,,,,,0,0
,,,,0,,,,,,,0,0
,,,,0,,,,,,,0,0
,,,,0,,,,,,,0,0
,,,,0,,,,,,,0,0
,,,,0,,,,,,,0,0
,,,,0,,,,,,,0,0
,,,,0,,,,,,,0,0
,,,,0,,,,,,,0,0
,,,,0,,,,,,,0,0
,,,,0,,,,,,,0,0
,,,,0,,,,,,,0,0
,,,,0,,,,,,,0,0
,,,,0,,,,,,,0,0
,,,,0,,,,,,,0,0
,,,,0,,,,,,,0,0
,,,,0,,,,,,,0,0
,,,,0,,,,,,,0,0
,,,,0,,,,,,,0,0
,,,,0,,,,,,,0,0
,,,,0,,,,,,,0,0
,,,,0,,,,,,,0,0
,,,,0,,,,,,,0,0
,,,,0,,,,,,,0,0
,,,,0,,,,,,,0,0
,,,,0,,,,,,,0,0
,,,,0,,,,,,,0,0
,,,,0,,,,,,,0,0
,,,,0,,,,,,,0,0
,,,,0,,,,,,,0,0
,,,,0,,,,,,,0,0
,,,,0,,,,,,,0,0
,,,,0,,,,,,,0,0
,,,,0,,,,,,,0,0
,,,,0,,,,,,,0,0
,,,,0,,,,,,,0,0
,,,,0,,,,,,,0,0
,,,,0,,,,,,,0,0
,,,,0,,,,,,,0,0
,,,,0,,,,,,,0,0
,,,,0,,,,,,,0,0
,,,,0,,,,,,,0,0
,,,,0,,,,,,,0,0
,,,,0,,,,,,,0,0
,,,,0,,,,,,,0,0
,,,,0,,,,,,,0,0
,,,,0,,,,,,,0,0
,,,,0,,,,,,,0,0
,,,,0,,,,,,,0,0
,,,,0,,,,,,,0,0
,,,,0,,,,,,,0,0
,,,,0,,,,,,,0,0
,,,,0,,,,,,,0,0
,,,,0,,,,,,,0,0
,,,,0,,,,,,,0,0
,,,,0,,,,,,,0,0
,,,,0,,,,,,,0,0
,,,,0,,,,,,,0,0
,,,,0,,,,,,,0,0
,,,,0,,,,,,,0,0
,,,,0,,,,,,,0,0
,,,,0,,,,,,,0,0
,,,,0,,,,,,,0,0
,,,,0,,,,,,,0,0
,,,,0,,,,,,,0,0
,,,,0,,,,,,,0,0
,,,,0,,,,,,,0,0
,,,,0,,,,,,,0,0
,,,,0,,,,,,,0,0
,,,,0,,,,,,,0,0
,,,,0,,,,,,,0,0
,,,,0,,,,,,,0,0
,,,,0,,,,,,,0,0
